268,PNR_NAME268,CONTACT_INFO268,"{268000,2019-10-04 17:52:01,{country268,804000}}"
269,PNR_NAME269,CONTACT_INFO269,"{269000,2019-10-04 18:52:01,{country269,807000}}"
270,PNR_NAME270,CONTACT_INFO270,"{270000,2019-10-04 19:52:01,{country270,810000}}"
271,PNR_NAME271,CONTACT_INFO271,"{271000,2019-10-04 20:52:01,{country271,813000}}"
272,PNR_NAME272,CONTACT_INFO272,"{272000,2019-10-04 21:52:01,{country272,816000}}"
273,PNR_NAME273,CONTACT_INFO273,"{273000,2019-10-04 22:52:01,{country273,819000}}"
274,PNR_NAME274,CONTACT_INFO274,"{274000,2019-10-04 23:52:01,{country274,822000}}"
275,PNR_NAME275,CONTACT_INFO275,"{275000,2019-10-05 00:52:01,{country275,825000}}"
276,PNR_NAME276,CONTACT_INFO276,"{276000,2019-10-05 01:52:01,{country276,828000}}"
277,PNR_NAME277,CONTACT_INFO277,"{277000,2019-10-05 02:52:01,{country277,831000}}"
278,PNR_NAME278,CONTACT_INFO278,"{278000,2019-10-05 03:52:01,{country278,834000}}"
279,PNR_NAME279,CONTACT_INFO279,"{279000,2019-10-05 04:52:01,{country279,837000}}"
280,PNR_NAME280,CONTACT_INFO280,"{280000,2019-10-05 05:52:01,{country280,840000}}"
281,PNR_NAME281,CONTACT_INFO281,"{281000,2019-10-05 06:52:01,{country281,843000}}"
282,PNR_NAME282,CONTACT_INFO282,"{282000,2019-10-05 07:52:01,{country282,846000}}"
283,PNR_NAME283,CONTACT_INFO283,"{283000,2019-10-05 08:52:01,{country283,849000}}"
284,PNR_NAME284,CONTACT_INFO284,"{284000,2019-10-05 09:52:01,{country284,852000}}"
285,PNR_NAME285,CONTACT_INFO285,"{285000,2019-10-05 10:52:01,{country285,855000}}"
286,PNR_NAME286,CONTACT_INFO286,"{286000,2019-10-05 11:52:01,{country286,858000}}"
287,PNR_NAME287,CONTACT_INFO287,"{287000,2019-10-05 12:52:01,{country287,861000}}"
288,PNR_NAME288,CONTACT_INFO288,"{288000,2019-10-05 13:52:01,{country288,864000}}"
289,PNR_NAME289,CONTACT_INFO289,"{289000,2019-10-05 14:52:01,{country289,867000}}"
290,PNR_NAME290,CONTACT_INFO290,"{290000,2019-10-05 15:52:01,{country290,870000}}"
291,PNR_NAME291,CONTACT_INFO291,"{291000,2019-10-05 16:52:01,{country291,873000}}"
292,PNR_NAME292,CONTACT_INFO292,"{292000,2019-10-05 17:52:01,{country292,876000}}"
293,PNR_NAME293,CONTACT_INFO293,"{293000,2019-10-05 18:52:01,{country293,879000}}"
294,PNR_NAME294,CONTACT_INFO294,"{294000,2019-10-05 19:52:01,{country294,882000}}"
295,PNR_NAME295,CONTACT_INFO295,"{295000,2019-10-05 20:52:01,{country295,885000}}"
296,PNR_NAME296,CONTACT_INFO296,"{296000,2019-10-05 21:52:01,{country296,888000}}"
297,PNR_NAME297,CONTACT_INFO297,"{297000,2019-10-05 22:52:01,{country297,891000}}"
298,PNR_NAME298,CONTACT_INFO298,"{298000,2019-10-05 23:52:01,{country298,894000}}"
299,PNR_NAME299,CONTACT_INFO299,"{299000,2019-10-06 00:52:01,{country299,897000}}"
300,PNR_NAME300,CONTACT_INFO300,"{300000,2019-10-06 01:52:01,{country300,900000}}"
301,PNR_NAME301,CONTACT_INFO301,"{301000,2019-10-06 02:52:01,{country301,903000}}"
302,PNR_NAME302,CONTACT_INFO302,"{302000,2019-10-06 03:52:01,{country302,906000}}"
303,PNR_NAME303,CONTACT_INFO303,"{303000,2019-10-06 04:52:01,{country303,909000}}"
304,PNR_NAME304,CONTACT_INFO304,"{304000,2019-10-06 05:52:01,{country304,912000}}"
305,PNR_NAME305,CONTACT_INFO305,"{305000,2019-10-06 06:52:01,{country305,915000}}"
306,PNR_NAME306,CONTACT_INFO306,"{306000,2019-10-06 07:52:01,{country306,918000}}"
307,PNR_NAME307,CONTACT_INFO307,"{307000,2019-10-06 08:52:01,{country307,921000}}"
308,PNR_NAME308,CONTACT_INFO308,"{308000,2019-10-06 09:52:01,{country308,924000}}"
309,PNR_NAME309,CONTACT_INFO309,"{309000,2019-10-06 10:52:01,{country309,927000}}"
310,PNR_NAME310,CONTACT_INFO310,"{310000,2019-10-06 11:52:01,{country310,930000}}"
311,PNR_NAME311,CONTACT_INFO311,"{311000,2019-10-06 12:52:01,{country311,933000}}"
312,PNR_NAME312,CONTACT_INFO312,"{312000,2019-10-06 13:52:01,{country312,936000}}"
313,PNR_NAME313,CONTACT_INFO313,"{313000,2019-10-06 14:52:01,{country313,939000}}"
314,PNR_NAME314,CONTACT_INFO314,"{314000,2019-10-06 15:52:01,{country314,942000}}"
315,PNR_NAME315,CONTACT_INFO315,"{315000,2019-10-06 16:52:01,{country315,945000}}"
316,PNR_NAME316,CONTACT_INFO316,"{316000,2019-10-06 17:52:01,{country316,948000}}"
317,PNR_NAME317,CONTACT_INFO317,"{317000,2019-10-06 18:52:01,{country317,951000}}"
318,PNR_NAME318,CONTACT_INFO318,"{318000,2019-10-06 19:52:01,{country318,954000}}"
319,PNR_NAME319,CONTACT_INFO319,"{319000,2019-10-06 20:52:01,{country319,957000}}"
320,PNR_NAME320,CONTACT_INFO320,"{320000,2019-10-06 21:52:01,{country320,960000}}"
321,PNR_NAME321,CONTACT_INFO321,"{321000,2019-10-06 22:52:01,{country321,963000}}"
322,PNR_NAME322,CONTACT_INFO322,"{322000,2019-10-06 23:52:01,{country322,966000}}"
323,PNR_NAME323,CONTACT_INFO323,"{323000,2019-10-07 00:52:01,{country323,969000}}"
324,PNR_NAME324,CONTACT_INFO324,"{324000,2019-10-07 01:52:01,{country324,972000}}"
325,PNR_NAME325,CONTACT_INFO325,"{325000,2019-10-07 02:52:01,{country325,975000}}"
326,PNR_NAME326,CONTACT_INFO326,"{326000,2019-10-07 03:52:01,{country326,978000}}"
327,PNR_NAME327,CONTACT_INFO327,"{327000,2019-10-07 04:52:01,{country327,981000}}"
328,PNR_NAME328,CONTACT_INFO328,"{328000,2019-10-07 05:52:01,{country328,984000}}"
329,PNR_NAME329,CONTACT_INFO329,"{329000,2019-10-07 06:52:01,{country329,987000}}"
330,PNR_NAME330,CONTACT_INFO330,"{330000,2019-10-07 07:52:01,{country330,990000}}"
331,PNR_NAME331,CONTACT_INFO331,"{331000,2019-10-07 08:52:01,{country331,993000}}"
332,PNR_NAME332,CONTACT_INFO332,"{332000,2019-10-07 09:52:01,{country332,996000}}"
333,PNR_NAME333,CONTACT_INFO333,"{333000,2019-10-07 10:52:01,{country333,999000}}"
334,PNR_NAME334,CONTACT_INFO334,"{334000,2019-10-07 11:52:01,{country334,1002000}}"
335,PNR_NAME335,CONTACT_INFO335,"{335000,2019-10-07 12:52:01,{country335,1005000}}"
336,PNR_NAME336,CONTACT_INFO336,"{336000,2019-10-07 13:52:01,{country336,1008000}}"
337,PNR_NAME337,CONTACT_INFO337,"{337000,2019-10-07 14:52:01,{country337,1011000}}"
338,PNR_NAME338,CONTACT_INFO338,"{338000,2019-10-07 15:52:01,{country338,1014000}}"
339,PNR_NAME339,CONTACT_INFO339,"{339000,2019-10-07 16:52:01,{country339,1017000}}"
340,PNR_NAME340,CONTACT_INFO340,"{340000,2019-10-07 17:52:01,{country340,1020000}}"
341,PNR_NAME341,CONTACT_INFO341,"{341000,2019-10-07 18:52:01,{country341,1023000}}"
342,PNR_NAME342,CONTACT_INFO342,"{342000,2019-10-07 19:52:01,{country342,1026000}}"
343,PNR_NAME343,CONTACT_INFO343,"{343000,2019-10-07 20:52:01,{country343,1029000}}"
344,PNR_NAME344,CONTACT_INFO344,"{344000,2019-10-07 21:52:01,{country344,1032000}}"
345,PNR_NAME345,CONTACT_INFO345,"{345000,2019-10-07 22:52:01,{country345,1035000}}"
346,PNR_NAME346,CONTACT_INFO346,"{346000,2019-10-07 23:52:01,{country346,1038000}}"
347,PNR_NAME347,CONTACT_INFO347,"{347000,2019-10-08 00:52:01,{country347,1041000}}"
348,PNR_NAME348,CONTACT_INFO348,"{348000,2019-10-08 01:52:01,{country348,1044000}}"
349,PNR_NAME349,CONTACT_INFO349,"{349000,2019-10-08 02:52:01,{country349,1047000}}"
350,PNR_NAME350,CONTACT_INFO350,"{350000,2019-10-08 03:52:01,{country350,1050000}}"
351,PNR_NAME351,CONTACT_INFO351,"{351000,2019-10-08 04:52:01,{country351,1053000}}"
352,PNR_NAME352,CONTACT_INFO352,"{352000,2019-10-08 05:52:01,{country352,1056000}}"
353,PNR_NAME353,CONTACT_INFO353,"{353000,2019-10-08 06:52:01,{country353,1059000}}"
354,PNR_NAME354,CONTACT_INFO354,"{354000,2019-10-08 07:52:01,{country354,1062000}}"
355,PNR_NAME355,CONTACT_INFO355,"{355000,2019-10-08 08:52:01,{country355,1065000}}"
356,PNR_NAME356,CONTACT_INFO356,"{356000,2019-10-08 09:52:01,{country356,1068000}}"
357,PNR_NAME357,CONTACT_INFO357,"{357000,2019-10-08 10:52:01,{country357,1071000}}"
358,PNR_NAME358,CONTACT_INFO358,"{358000,2019-10-08 11:52:01,{country358,1074000}}"
359,PNR_NAME359,CONTACT_INFO359,"{359000,2019-10-08 12:52:01,{country359,1077000}}"
360,PNR_NAME360,CONTACT_INFO360,"{360000,2019-10-08 13:52:01,{country360,1080000}}"
361,PNR_NAME361,CONTACT_INFO361,"{361000,2019-10-08 14:52:01,{country361,1083000}}"
362,PNR_NAME362,CONTACT_INFO362,"{362000,2019-10-08 15:52:01,{country362,1086000}}"
363,PNR_NAME363,CONTACT_INFO363,"{363000,2019-10-08 16:52:01,{country363,1089000}}"
364,PNR_NAME364,CONTACT_INFO364,"{364000,2019-10-08 17:52:01,{country364,1092000}}"
365,PNR_NAME365,CONTACT_INFO365,"{365000,2019-10-08 18:52:01,{country365,1095000}}"
366,PNR_NAME366,CONTACT_INFO366,"{366000,2019-10-08 19:52:01,{country366,1098000}}"
367,PNR_NAME367,CONTACT_INFO367,"{367000,2019-10-08 20:52:01,{country367,1101000}}"
368,PNR_NAME368,CONTACT_INFO368,"{368000,2019-10-08 21:52:01,{country368,1104000}}"
369,PNR_NAME369,CONTACT_INFO369,"{369000,2019-10-08 22:52:01,{country369,1107000}}"
370,PNR_NAME370,CONTACT_INFO370,"{370000,2019-10-08 23:52:01,{country370,1110000}}"
371,PNR_NAME371,CONTACT_INFO371,"{371000,2019-10-09 00:52:01,{country371,1113000}}"
372,PNR_NAME372,CONTACT_INFO372,"{372000,2019-10-09 01:52:01,{country372,1116000}}"
373,PNR_NAME373,CONTACT_INFO373,"{373000,2019-10-09 02:52:01,{country373,1119000}}"
374,PNR_NAME374,CONTACT_INFO374,"{374000,2019-10-09 03:52:01,{country374,1122000}}"
375,PNR_NAME375,CONTACT_INFO375,"{375000,2019-10-09 04:52:01,{country375,1125000}}"
376,PNR_NAME376,CONTACT_INFO376,"{376000,2019-10-09 05:52:01,{country376,1128000}}"
377,PNR_NAME377,CONTACT_INFO377,"{377000,2019-10-09 06:52:01,{country377,1131000}}"
378,PNR_NAME378,CONTACT_INFO378,"{378000,2019-10-09 07:52:01,{country378,1134000}}"
379,PNR_NAME379,CONTACT_INFO379,"{379000,2019-10-09 08:52:01,{country379,1137000}}"
380,PNR_NAME380,CONTACT_INFO380,"{380000,2019-10-09 09:52:01,{country380,1140000}}"
381,PNR_NAME381,CONTACT_INFO381,"{381000,2019-10-09 10:52:01,{country381,1143000}}"
382,PNR_NAME382,CONTACT_INFO382,"{382000,2019-10-09 11:52:01,{country382,1146000}}"
383,PNR_NAME383,CONTACT_INFO383,"{383000,2019-10-09 12:52:01,{country383,1149000}}"
384,PNR_NAME384,CONTACT_INFO384,"{384000,2019-10-09 13:52:01,{country384,1152000}}"
385,PNR_NAME385,CONTACT_INFO385,"{385000,2019-10-09 14:52:01,{country385,1155000}}"
386,PNR_NAME386,CONTACT_INFO386,"{386000,2019-10-09 15:52:01,{country386,1158000}}"
387,PNR_NAME387,CONTACT_INFO387,"{387000,2019-10-09 16:52:01,{country387,1161000}}"
388,PNR_NAME388,CONTACT_INFO388,"{388000,2019-10-09 17:52:01,{country388,1164000}}"
389,PNR_NAME389,CONTACT_INFO389,"{389000,2019-10-09 18:52:01,{country389,1167000}}"
390,PNR_NAME390,CONTACT_INFO390,"{390000,2019-10-09 19:52:01,{country390,1170000}}"
391,PNR_NAME391,CONTACT_INFO391,"{391000,2019-10-09 20:52:01,{country391,1173000}}"
392,PNR_NAME392,CONTACT_INFO392,"{392000,2019-10-09 21:52:01,{country392,1176000}}"
393,PNR_NAME393,CONTACT_INFO393,"{393000,2019-10-09 22:52:01,{country393,1179000}}"
394,PNR_NAME394,CONTACT_INFO394,"{394000,2019-10-09 23:52:01,{country394,1182000}}"
395,PNR_NAME395,CONTACT_INFO395,"{395000,2019-10-10 00:52:01,{country395,1185000}}"
396,PNR_NAME396,CONTACT_INFO396,"{396000,2019-10-10 01:52:01,{country396,1188000}}"
397,PNR_NAME397,CONTACT_INFO397,"{397000,2019-10-10 02:52:01,{country397,1191000}}"
398,PNR_NAME398,CONTACT_INFO398,"{398000,2019-10-10 03:52:01,{country398,1194000}}"
399,PNR_NAME399,CONTACT_INFO399,"{399000,2019-10-10 04:52:01,{country399,1197000}}"
400,PNR_NAME400,CONTACT_INFO400,"{400000,2019-10-10 05:52:01,{country400,1200000}}"
401,PNR_NAME401,CONTACT_INFO401,"{401000,2019-10-10 06:52:01,{country401,1203000}}"
402,PNR_NAME402,CONTACT_INFO402,"{402000,2019-10-10 07:52:01,{country402,1206000}}"
403,PNR_NAME403,CONTACT_INFO403,"{403000,2019-10-10 08:52:01,{country403,1209000}}"
404,PNR_NAME404,CONTACT_INFO404,"{404000,2019-10-10 09:52:01,{country404,1212000}}"
405,PNR_NAME405,CONTACT_INFO405,"{405000,2019-10-10 10:52:01,{country405,1215000}}"
406,PNR_NAME406,CONTACT_INFO406,"{406000,2019-10-10 11:52:01,{country406,1218000}}"
407,PNR_NAME407,CONTACT_INFO407,"{407000,2019-10-10 12:52:01,{country407,1221000}}"
408,PNR_NAME408,CONTACT_INFO408,"{408000,2019-10-10 13:52:01,{country408,1224000}}"
409,PNR_NAME409,CONTACT_INFO409,"{409000,2019-10-10 14:52:01,{country409,1227000}}"
410,PNR_NAME410,CONTACT_INFO410,"{410000,2019-10-10 15:52:01,{country410,1230000}}"
411,PNR_NAME411,CONTACT_INFO411,"{411000,2019-10-10 16:52:01,{country411,1233000}}"
412,PNR_NAME412,CONTACT_INFO412,"{412000,2019-10-10 17:52:01,{country412,1236000}}"
413,PNR_NAME413,CONTACT_INFO413,"{413000,2019-10-10 18:52:01,{country413,1239000}}"
414,PNR_NAME414,CONTACT_INFO414,"{414000,2019-10-10 19:52:01,{country414,1242000}}"
415,PNR_NAME415,CONTACT_INFO415,"{415000,2019-10-10 20:52:01,{country415,1245000}}"
416,PNR_NAME416,CONTACT_INFO416,"{416000,2019-10-10 21:52:01,{country416,1248000}}"
417,PNR_NAME417,CONTACT_INFO417,"{417000,2019-10-10 22:52:01,{country417,1251000}}"
418,PNR_NAME418,CONTACT_INFO418,"{418000,2019-10-10 23:52:01,{country418,1254000}}"
419,PNR_NAME419,CONTACT_INFO419,"{419000,2019-10-11 00:52:01,{country419,1257000}}"
420,PNR_NAME420,CONTACT_INFO420,"{420000,2019-10-11 01:52:01,{country420,1260000}}"
421,PNR_NAME421,CONTACT_INFO421,"{421000,2019-10-11 02:52:01,{country421,1263000}}"
422,PNR_NAME422,CONTACT_INFO422,"{422000,2019-10-11 03:52:01,{country422,1266000}}"
423,PNR_NAME423,CONTACT_INFO423,"{423000,2019-10-11 04:52:01,{country423,1269000}}"
424,PNR_NAME424,CONTACT_INFO424,"{424000,2019-10-11 05:52:01,{country424,1272000}}"
425,PNR_NAME425,CONTACT_INFO425,"{425000,2019-10-11 06:52:01,{country425,1275000}}"
426,PNR_NAME426,CONTACT_INFO426,"{426000,2019-10-11 07:52:01,{country426,1278000}}"
427,PNR_NAME427,CONTACT_INFO427,"{427000,2019-10-11 08:52:01,{country427,1281000}}"
428,PNR_NAME428,CONTACT_INFO428,"{428000,2019-10-11 09:52:01,{country428,1284000}}"
429,PNR_NAME429,CONTACT_INFO429,"{429000,2019-10-11 10:52:01,{country429,1287000}}"
430,PNR_NAME430,CONTACT_INFO430,"{430000,2019-10-11 11:52:01,{country430,1290000}}"
431,PNR_NAME431,CONTACT_INFO431,"{431000,2019-10-11 12:52:01,{country431,1293000}}"
432,PNR_NAME432,CONTACT_INFO432,"{432000,2019-10-11 13:52:01,{country432,1296000}}"
433,PNR_NAME433,CONTACT_INFO433,"{433000,2019-10-11 14:52:01,{country433,1299000}}"
434,PNR_NAME434,CONTACT_INFO434,"{434000,2019-10-11 15:52:01,{country434,1302000}}"
435,PNR_NAME435,CONTACT_INFO435,"{435000,2019-10-11 16:52:01,{country435,1305000}}"
436,PNR_NAME436,CONTACT_INFO436,"{436000,2019-10-11 17:52:01,{country436,1308000}}"
437,PNR_NAME437,CONTACT_INFO437,"{437000,2019-10-11 18:52:01,{country437,1311000}}"
438,PNR_NAME438,CONTACT_INFO438,"{438000,2019-10-11 19:52:01,{country438,1314000}}"
439,PNR_NAME439,CONTACT_INFO439,"{439000,2019-10-11 20:52:01,{country439,1317000}}"
440,PNR_NAME440,CONTACT_INFO440,"{440000,2019-10-11 21:52:01,{country440,1320000}}"
1,PNR_NAME1,CONTACT_INFO1,"{1000,2019-09-23 14:52:01,{country1,3000}}"
2,PNR_NAME2,CONTACT_INFO2,"{2000,2019-09-23 15:52:01,{country2,6000}}"
3,PNR_NAME3,CONTACT_INFO3,"{3000,2019-09-23 16:52:01,{country3,9000}}"
4,PNR_NAME4,CONTACT_INFO4,"{4000,2019-09-23 17:52:01,{country4,12000}}"
5,PNR_NAME5,CONTACT_INFO5,"{5000,2019-09-23 18:52:01,{country5,15000}}"
6,PNR_NAME6,CONTACT_INFO6,"{6000,2019-09-23 19:52:01,{country6,18000}}"
7,PNR_NAME7,CONTACT_INFO7,"{7000,2019-09-23 20:52:01,{country7,21000}}"
8,PNR_NAME8,CONTACT_INFO8,"{8000,2019-09-23 21:52:01,{country8,24000}}"
9,PNR_NAME9,CONTACT_INFO9,"{9000,2019-09-23 22:52:01,{country9,27000}}"
10,PNR_NAME10,CONTACT_INFO10,"{10000,2019-09-23 23:52:01,{country10,30000}}"
11,PNR_NAME11,CONTACT_INFO11,"{11000,2019-09-24 00:52:01,{country11,33000}}"
12,PNR_NAME12,CONTACT_INFO12,"{12000,2019-09-24 01:52:01,{country12,36000}}"
13,PNR_NAME13,CONTACT_INFO13,"{13000,2019-09-24 02:52:01,{country13,39000}}"
14,PNR_NAME14,CONTACT_INFO14,"{14000,2019-09-24 03:52:01,{country14,42000}}"
15,PNR_NAME15,CONTACT_INFO15,"{15000,2019-09-24 04:52:01,{country15,45000}}"
16,PNR_NAME16,CONTACT_INFO16,"{16000,2019-09-24 05:52:01,{country16,48000}}"
17,PNR_NAME17,CONTACT_INFO17,"{17000,2019-09-24 06:52:01,{country17,51000}}"
18,PNR_NAME18,CONTACT_INFO18,"{18000,2019-09-24 07:52:01,{country18,54000}}"
19,PNR_NAME19,CONTACT_INFO19,"{19000,2019-09-24 08:52:01,{country19,57000}}"
20,PNR_NAME20,CONTACT_INFO20,"{20000,2019-09-24 09:52:01,{country20,60000}}"
21,PNR_NAME21,CONTACT_INFO21,"{21000,2019-09-24 10:52:01,{country21,63000}}"
22,PNR_NAME22,CONTACT_INFO22,"{22000,2019-09-24 11:52:01,{country22,66000}}"
23,PNR_NAME23,CONTACT_INFO23,"{23000,2019-09-24 12:52:01,{country23,69000}}"
24,PNR_NAME24,CONTACT_INFO24,"{24000,2019-09-24 13:52:01,{country24,72000}}"
25,PNR_NAME25,CONTACT_INFO25,"{25000,2019-09-24 14:52:01,{country25,75000}}"
26,PNR_NAME26,CONTACT_INFO26,"{26000,2019-09-24 15:52:01,{country26,78000}}"
27,PNR_NAME27,CONTACT_INFO27,"{27000,2019-09-24 16:52:01,{country27,81000}}"
28,PNR_NAME28,CONTACT_INFO28,"{28000,2019-09-24 17:52:01,{country28,84000}}"
29,PNR_NAME29,CONTACT_INFO29,"{29000,2019-09-24 18:52:01,{country29,87000}}"
30,PNR_NAME30,CONTACT_INFO30,"{30000,2019-09-24 19:52:01,{country30,90000}}"
31,PNR_NAME31,CONTACT_INFO31,"{31000,2019-09-24 20:52:01,{country31,93000}}"
32,PNR_NAME32,CONTACT_INFO32,"{32000,2019-09-24 21:52:01,{country32,96000}}"
33,PNR_NAME33,CONTACT_INFO33,"{33000,2019-09-24 22:52:01,{country33,99000}}"
34,PNR_NAME34,CONTACT_INFO34,"{34000,2019-09-24 23:52:01,{country34,102000}}"
35,PNR_NAME35,CONTACT_INFO35,"{35000,2019-09-25 00:52:01,{country35,105000}}"
36,PNR_NAME36,CONTACT_INFO36,"{36000,2019-09-25 01:52:01,{country36,108000}}"
37,PNR_NAME37,CONTACT_INFO37,"{37000,2019-09-25 02:52:01,{country37,111000}}"
38,PNR_NAME38,CONTACT_INFO38,"{38000,2019-09-25 03:52:01,{country38,114000}}"
39,PNR_NAME39,CONTACT_INFO39,"{39000,2019-09-25 04:52:01,{country39,117000}}"
40,PNR_NAME40,CONTACT_INFO40,"{40000,2019-09-25 05:52:01,{country40,120000}}"
41,PNR_NAME41,CONTACT_INFO41,"{41000,2019-09-25 06:52:01,{country41,123000}}"
42,PNR_NAME42,CONTACT_INFO42,"{42000,2019-09-25 07:52:01,{country42,126000}}"
43,PNR_NAME43,CONTACT_INFO43,"{43000,2019-09-25 08:52:01,{country43,129000}}"
44,PNR_NAME44,CONTACT_INFO44,"{44000,2019-09-25 09:52:01,{country44,132000}}"
45,PNR_NAME45,CONTACT_INFO45,"{45000,2019-09-25 10:52:01,{country45,135000}}"
46,PNR_NAME46,CONTACT_INFO46,"{46000,2019-09-25 11:52:01,{country46,138000}}"
47,PNR_NAME47,CONTACT_INFO47,"{47000,2019-09-25 12:52:01,{country47,141000}}"
48,PNR_NAME48,CONTACT_INFO48,"{48000,2019-09-25 13:52:01,{country48,144000}}"
49,PNR_NAME49,CONTACT_INFO49,"{49000,2019-09-25 14:52:01,{country49,147000}}"
50,PNR_NAME50,CONTACT_INFO50,"{50000,2019-09-25 15:52:01,{country50,150000}}"
51,PNR_NAME51,CONTACT_INFO51,"{51000,2019-09-25 16:52:01,{country51,153000}}"
52,PNR_NAME52,CONTACT_INFO52,"{52000,2019-09-25 17:52:01,{country52,156000}}"
53,PNR_NAME53,CONTACT_INFO53,"{53000,2019-09-25 18:52:01,{country53,159000}}"
54,PNR_NAME54,CONTACT_INFO54,"{54000,2019-09-25 19:52:01,{country54,162000}}"
55,PNR_NAME55,CONTACT_INFO55,"{55000,2019-09-25 20:52:01,{country55,165000}}"
56,PNR_NAME56,CONTACT_INFO56,"{56000,2019-09-25 21:52:01,{country56,168000}}"
57,PNR_NAME57,CONTACT_INFO57,"{57000,2019-09-25 22:52:01,{country57,171000}}"
58,PNR_NAME58,CONTACT_INFO58,"{58000,2019-09-25 23:52:01,{country58,174000}}"
59,PNR_NAME59,CONTACT_INFO59,"{59000,2019-09-26 00:52:01,{country59,177000}}"
60,PNR_NAME60,CONTACT_INFO60,"{60000,2019-09-26 01:52:01,{country60,180000}}"
61,PNR_NAME61,CONTACT_INFO61,"{61000,2019-09-26 02:52:01,{country61,183000}}"
62,PNR_NAME62,CONTACT_INFO62,"{62000,2019-09-26 03:52:01,{country62,186000}}"
63,PNR_NAME63,CONTACT_INFO63,"{63000,2019-09-26 04:52:01,{country63,189000}}"
64,PNR_NAME64,CONTACT_INFO64,"{64000,2019-09-26 05:52:01,{country64,192000}}"
65,PNR_NAME65,CONTACT_INFO65,"{65000,2019-09-26 06:52:01,{country65,195000}}"
66,PNR_NAME66,CONTACT_INFO66,"{66000,2019-09-26 07:52:01,{country66,198000}}"
67,PNR_NAME67,CONTACT_INFO67,"{67000,2019-09-26 08:52:01,{country67,201000}}"
68,PNR_NAME68,CONTACT_INFO68,"{68000,2019-09-26 09:52:01,{country68,204000}}"
69,PNR_NAME69,CONTACT_INFO69,"{69000,2019-09-26 10:52:01,{country69,207000}}"
70,PNR_NAME70,CONTACT_INFO70,"{70000,2019-09-26 11:52:01,{country70,210000}}"
71,PNR_NAME71,CONTACT_INFO71,"{71000,2019-09-26 12:52:01,{country71,213000}}"
72,PNR_NAME72,CONTACT_INFO72,"{72000,2019-09-26 13:52:01,{country72,216000}}"
73,PNR_NAME73,CONTACT_INFO73,"{73000,2019-09-26 14:52:01,{country73,219000}}"
74,PNR_NAME74,CONTACT_INFO74,"{74000,2019-09-26 15:52:01,{country74,222000}}"
75,PNR_NAME75,CONTACT_INFO75,"{75000,2019-09-26 16:52:01,{country75,225000}}"
76,PNR_NAME76,CONTACT_INFO76,"{76000,2019-09-26 17:52:01,{country76,228000}}"
77,PNR_NAME77,CONTACT_INFO77,"{77000,2019-09-26 18:52:01,{country77,231000}}"
78,PNR_NAME78,CONTACT_INFO78,"{78000,2019-09-26 19:52:01,{country78,234000}}"
79,PNR_NAME79,CONTACT_INFO79,"{79000,2019-09-26 20:52:01,{country79,237000}}"
80,PNR_NAME80,CONTACT_INFO80,"{80000,2019-09-26 21:52:01,{country80,240000}}"
81,PNR_NAME81,CONTACT_INFO81,"{81000,2019-09-26 22:52:01,{country81,243000}}"
82,PNR_NAME82,CONTACT_INFO82,"{82000,2019-09-26 23:52:01,{country82,246000}}"
83,PNR_NAME83,CONTACT_INFO83,"{83000,2019-09-27 00:52:01,{country83,249000}}"
84,PNR_NAME84,CONTACT_INFO84,"{84000,2019-09-27 01:52:01,{country84,252000}}"
85,PNR_NAME85,CONTACT_INFO85,"{85000,2019-09-27 02:52:01,{country85,255000}}"
86,PNR_NAME86,CONTACT_INFO86,"{86000,2019-09-27 03:52:01,{country86,258000}}"
87,PNR_NAME87,CONTACT_INFO87,"{87000,2019-09-27 04:52:01,{country87,261000}}"
88,PNR_NAME88,CONTACT_INFO88,"{88000,2019-09-27 05:52:01,{country88,264000}}"
89,PNR_NAME89,CONTACT_INFO89,"{89000,2019-09-27 06:52:01,{country89,267000}}"
90,PNR_NAME90,CONTACT_INFO90,"{90000,2019-09-27 07:52:01,{country90,270000}}"
91,PNR_NAME91,CONTACT_INFO91,"{91000,2019-09-27 08:52:01,{country91,273000}}"
92,PNR_NAME92,CONTACT_INFO92,"{92000,2019-09-27 09:52:01,{country92,276000}}"
93,PNR_NAME93,CONTACT_INFO93,"{93000,2019-09-27 10:52:01,{country93,279000}}"
94,PNR_NAME94,CONTACT_INFO94,"{94000,2019-09-27 11:52:01,{country94,282000}}"
95,PNR_NAME95,CONTACT_INFO95,"{95000,2019-09-27 12:52:01,{country95,285000}}"
96,PNR_NAME96,CONTACT_INFO96,"{96000,2019-09-27 13:52:01,{country96,288000}}"
97,PNR_NAME97,CONTACT_INFO97,"{97000,2019-09-27 14:52:01,{country97,291000}}"
98,PNR_NAME98,CONTACT_INFO98,"{98000,2019-09-27 15:52:01,{country98,294000}}"
99,PNR_NAME99,CONTACT_INFO99,"{99000,2019-09-27 16:52:01,{country99,297000}}"
100,PNR_NAME100,CONTACT_INFO100,"{100000,2019-09-27 17:52:01,{country100,300000}}"
101,PNR_NAME101,CONTACT_INFO101,"{101000,2019-09-27 18:52:01,{country101,303000}}"
102,PNR_NAME102,CONTACT_INFO102,"{102000,2019-09-27 19:52:01,{country102,306000}}"
103,PNR_NAME103,CONTACT_INFO103,"{103000,2019-09-27 20:52:01,{country103,309000}}"
104,PNR_NAME104,CONTACT_INFO104,"{104000,2019-09-27 21:52:01,{country104,312000}}"
105,PNR_NAME105,CONTACT_INFO105,"{105000,2019-09-27 22:52:01,{country105,315000}}"
106,PNR_NAME106,CONTACT_INFO106,"{106000,2019-09-27 23:52:01,{country106,318000}}"
107,PNR_NAME107,CONTACT_INFO107,"{107000,2019-09-28 00:52:01,{country107,321000}}"
108,PNR_NAME108,CONTACT_INFO108,"{108000,2019-09-28 01:52:01,{country108,324000}}"
109,PNR_NAME109,CONTACT_INFO109,"{109000,2019-09-28 02:52:01,{country109,327000}}"
110,PNR_NAME110,CONTACT_INFO110,"{110000,2019-09-28 03:52:01,{country110,330000}}"
111,PNR_NAME111,CONTACT_INFO111,"{111000,2019-09-28 04:52:01,{country111,333000}}"
112,PNR_NAME112,CONTACT_INFO112,"{112000,2019-09-28 05:52:01,{country112,336000}}"
113,PNR_NAME113,CONTACT_INFO113,"{113000,2019-09-28 06:52:01,{country113,339000}}"
114,PNR_NAME114,CONTACT_INFO114,"{114000,2019-09-28 07:52:01,{country114,342000}}"
115,PNR_NAME115,CONTACT_INFO115,"{115000,2019-09-28 08:52:01,{country115,345000}}"
116,PNR_NAME116,CONTACT_INFO116,"{116000,2019-09-28 09:52:01,{country116,348000}}"
117,PNR_NAME117,CONTACT_INFO117,"{117000,2019-09-28 10:52:01,{country117,351000}}"
118,PNR_NAME118,CONTACT_INFO118,"{118000,2019-09-28 11:52:01,{country118,354000}}"
119,PNR_NAME119,CONTACT_INFO119,"{119000,2019-09-28 12:52:01,{country119,357000}}"
120,PNR_NAME120,CONTACT_INFO120,"{120000,2019-09-28 13:52:01,{country120,360000}}"
121,PNR_NAME121,CONTACT_INFO121,"{121000,2019-09-28 14:52:01,{country121,363000}}"
122,PNR_NAME122,CONTACT_INFO122,"{122000,2019-09-28 15:52:01,{country122,366000}}"
123,PNR_NAME123,CONTACT_INFO123,"{123000,2019-09-28 16:52:01,{country123,369000}}"
124,PNR_NAME124,CONTACT_INFO124,"{124000,2019-09-28 17:52:01,{country124,372000}}"
125,PNR_NAME125,CONTACT_INFO125,"{125000,2019-09-28 18:52:01,{country125,375000}}"
126,PNR_NAME126,CONTACT_INFO126,"{126000,2019-09-28 19:52:01,{country126,378000}}"
127,PNR_NAME127,CONTACT_INFO127,"{127000,2019-09-28 20:52:01,{country127,381000}}"
128,PNR_NAME128,CONTACT_INFO128,"{128000,2019-09-28 21:52:01,{country128,384000}}"
129,PNR_NAME129,CONTACT_INFO129,"{129000,2019-09-28 22:52:01,{country129,387000}}"
130,PNR_NAME130,CONTACT_INFO130,"{130000,2019-09-28 23:52:01,{country130,390000}}"
131,PNR_NAME131,CONTACT_INFO131,"{131000,2019-09-29 00:52:01,{country131,393000}}"
132,PNR_NAME132,CONTACT_INFO132,"{132000,2019-09-29 01:52:01,{country132,396000}}"
133,PNR_NAME133,CONTACT_INFO133,"{133000,2019-09-29 02:52:01,{country133,399000}}"
134,PNR_NAME134,CONTACT_INFO134,"{134000,2019-09-29 03:52:01,{country134,402000}}"
135,PNR_NAME135,CONTACT_INFO135,"{135000,2019-09-29 04:52:01,{country135,405000}}"
136,PNR_NAME136,CONTACT_INFO136,"{136000,2019-09-29 05:52:01,{country136,408000}}"
137,PNR_NAME137,CONTACT_INFO137,"{137000,2019-09-29 06:52:01,{country137,411000}}"
138,PNR_NAME138,CONTACT_INFO138,"{138000,2019-09-29 07:52:01,{country138,414000}}"
139,PNR_NAME139,CONTACT_INFO139,"{139000,2019-09-29 08:52:01,{country139,417000}}"
140,PNR_NAME140,CONTACT_INFO140,"{140000,2019-09-29 09:52:01,{country140,420000}}"
141,PNR_NAME141,CONTACT_INFO141,"{141000,2019-09-29 10:52:01,{country141,423000}}"
142,PNR_NAME142,CONTACT_INFO142,"{142000,2019-09-29 11:52:01,{country142,426000}}"
143,PNR_NAME143,CONTACT_INFO143,"{143000,2019-09-29 12:52:01,{country143,429000}}"
144,PNR_NAME144,CONTACT_INFO144,"{144000,2019-09-29 13:52:01,{country144,432000}}"
145,PNR_NAME145,CONTACT_INFO145,"{145000,2019-09-29 14:52:01,{country145,435000}}"
146,PNR_NAME146,CONTACT_INFO146,"{146000,2019-09-29 15:52:01,{country146,438000}}"
147,PNR_NAME147,CONTACT_INFO147,"{147000,2019-09-29 16:52:01,{country147,441000}}"
148,PNR_NAME148,CONTACT_INFO148,"{148000,2019-09-29 17:52:01,{country148,444000}}"
149,PNR_NAME149,CONTACT_INFO149,"{149000,2019-09-29 18:52:01,{country149,447000}}"
150,PNR_NAME150,CONTACT_INFO150,"{150000,2019-09-29 19:52:01,{country150,450000}}"
151,PNR_NAME151,CONTACT_INFO151,"{151000,2019-09-29 20:52:01,{country151,453000}}"
152,PNR_NAME152,CONTACT_INFO152,"{152000,2019-09-29 21:52:01,{country152,456000}}"
153,PNR_NAME153,CONTACT_INFO153,"{153000,2019-09-29 22:52:01,{country153,459000}}"
154,PNR_NAME154,CONTACT_INFO154,"{154000,2019-09-29 23:52:01,{country154,462000}}"
155,PNR_NAME155,CONTACT_INFO155,"{155000,2019-09-30 00:52:01,{country155,465000}}"
156,PNR_NAME156,CONTACT_INFO156,"{156000,2019-09-30 01:52:01,{country156,468000}}"
157,PNR_NAME157,CONTACT_INFO157,"{157000,2019-09-30 02:52:01,{country157,471000}}"
158,PNR_NAME158,CONTACT_INFO158,"{158000,2019-09-30 03:52:01,{country158,474000}}"
159,PNR_NAME159,CONTACT_INFO159,"{159000,2019-09-30 04:52:01,{country159,477000}}"
160,PNR_NAME160,CONTACT_INFO160,"{160000,2019-09-30 05:52:01,{country160,480000}}"
161,PNR_NAME161,CONTACT_INFO161,"{161000,2019-09-30 06:52:01,{country161,483000}}"
162,PNR_NAME162,CONTACT_INFO162,"{162000,2019-09-30 07:52:01,{country162,486000}}"
163,PNR_NAME163,CONTACT_INFO163,"{163000,2019-09-30 08:52:01,{country163,489000}}"
164,PNR_NAME164,CONTACT_INFO164,"{164000,2019-09-30 09:52:01,{country164,492000}}"
165,PNR_NAME165,CONTACT_INFO165,"{165000,2019-09-30 10:52:01,{country165,495000}}"
166,PNR_NAME166,CONTACT_INFO166,"{166000,2019-09-30 11:52:01,{country166,498000}}"
167,PNR_NAME167,CONTACT_INFO167,"{167000,2019-09-30 12:52:01,{country167,501000}}"
168,PNR_NAME168,CONTACT_INFO168,"{168000,2019-09-30 13:52:01,{country168,504000}}"
169,PNR_NAME169,CONTACT_INFO169,"{169000,2019-09-30 14:52:01,{country169,507000}}"
170,PNR_NAME170,CONTACT_INFO170,"{170000,2019-09-30 15:52:01,{country170,510000}}"
171,PNR_NAME171,CONTACT_INFO171,"{171000,2019-09-30 16:52:01,{country171,513000}}"
172,PNR_NAME172,CONTACT_INFO172,"{172000,2019-09-30 17:52:01,{country172,516000}}"
173,PNR_NAME173,CONTACT_INFO173,"{173000,2019-09-30 18:52:01,{country173,519000}}"
174,PNR_NAME174,CONTACT_INFO174,"{174000,2019-09-30 19:52:01,{country174,522000}}"
175,PNR_NAME175,CONTACT_INFO175,"{175000,2019-09-30 20:52:01,{country175,525000}}"
176,PNR_NAME176,CONTACT_INFO176,"{176000,2019-09-30 21:52:01,{country176,528000}}"
177,PNR_NAME177,CONTACT_INFO177,"{177000,2019-09-30 22:52:01,{country177,531000}}"
178,PNR_NAME178,CONTACT_INFO178,"{178000,2019-09-30 23:52:01,{country178,534000}}"
179,PNR_NAME179,CONTACT_INFO179,"{179000,2019-10-01 00:52:01,{country179,537000}}"
180,PNR_NAME180,CONTACT_INFO180,"{180000,2019-10-01 01:52:01,{country180,540000}}"
181,PNR_NAME181,CONTACT_INFO181,"{181000,2019-10-01 02:52:01,{country181,543000}}"
182,PNR_NAME182,CONTACT_INFO182,"{182000,2019-10-01 03:52:01,{country182,546000}}"
183,PNR_NAME183,CONTACT_INFO183,"{183000,2019-10-01 04:52:01,{country183,549000}}"
184,PNR_NAME184,CONTACT_INFO184,"{184000,2019-10-01 05:52:01,{country184,552000}}"
185,PNR_NAME185,CONTACT_INFO185,"{185000,2019-10-01 06:52:01,{country185,555000}}"
186,PNR_NAME186,CONTACT_INFO186,"{186000,2019-10-01 07:52:01,{country186,558000}}"
187,PNR_NAME187,CONTACT_INFO187,"{187000,2019-10-01 08:52:01,{country187,561000}}"
188,PNR_NAME188,CONTACT_INFO188,"{188000,2019-10-01 09:52:01,{country188,564000}}"
189,PNR_NAME189,CONTACT_INFO189,"{189000,2019-10-01 10:52:01,{country189,567000}}"
190,PNR_NAME190,CONTACT_INFO190,"{190000,2019-10-01 11:52:01,{country190,570000}}"
191,PNR_NAME191,CONTACT_INFO191,"{191000,2019-10-01 12:52:01,{country191,573000}}"
192,PNR_NAME192,CONTACT_INFO192,"{192000,2019-10-01 13:52:01,{country192,576000}}"
193,PNR_NAME193,CONTACT_INFO193,"{193000,2019-10-01 14:52:01,{country193,579000}}"
194,PNR_NAME194,CONTACT_INFO194,"{194000,2019-10-01 15:52:01,{country194,582000}}"
195,PNR_NAME195,CONTACT_INFO195,"{195000,2019-10-01 16:52:01,{country195,585000}}"
196,PNR_NAME196,CONTACT_INFO196,"{196000,2019-10-01 17:52:01,{country196,588000}}"
197,PNR_NAME197,CONTACT_INFO197,"{197000,2019-10-01 18:52:01,{country197,591000}}"
198,PNR_NAME198,CONTACT_INFO198,"{198000,2019-10-01 19:52:01,{country198,594000}}"
199,PNR_NAME199,CONTACT_INFO199,"{199000,2019-10-01 20:52:01,{country199,597000}}"
200,PNR_NAME200,CONTACT_INFO200,"{200000,2019-10-01 21:52:01,{country200,600000}}"
201,PNR_NAME201,CONTACT_INFO201,"{201000,2019-10-01 22:52:01,{country201,603000}}"
202,PNR_NAME202,CONTACT_INFO202,"{202000,2019-10-01 23:52:01,{country202,606000}}"
203,PNR_NAME203,CONTACT_INFO203,"{203000,2019-10-02 00:52:01,{country203,609000}}"
204,PNR_NAME204,CONTACT_INFO204,"{204000,2019-10-02 01:52:01,{country204,612000}}"
205,PNR_NAME205,CONTACT_INFO205,"{205000,2019-10-02 02:52:01,{country205,615000}}"
206,PNR_NAME206,CONTACT_INFO206,"{206000,2019-10-02 03:52:01,{country206,618000}}"
207,PNR_NAME207,CONTACT_INFO207,"{207000,2019-10-02 04:52:01,{country207,621000}}"
208,PNR_NAME208,CONTACT_INFO208,"{208000,2019-10-02 05:52:01,{country208,624000}}"
209,PNR_NAME209,CONTACT_INFO209,"{209000,2019-10-02 06:52:01,{country209,627000}}"
210,PNR_NAME210,CONTACT_INFO210,"{210000,2019-10-02 07:52:01,{country210,630000}}"
211,PNR_NAME211,CONTACT_INFO211,"{211000,2019-10-02 08:52:01,{country211,633000}}"
212,PNR_NAME212,CONTACT_INFO212,"{212000,2019-10-02 09:52:01,{country212,636000}}"
213,PNR_NAME213,CONTACT_INFO213,"{213000,2019-10-02 10:52:01,{country213,639000}}"
214,PNR_NAME214,CONTACT_INFO214,"{214000,2019-10-02 11:52:01,{country214,642000}}"
215,PNR_NAME215,CONTACT_INFO215,"{215000,2019-10-02 12:52:01,{country215,645000}}"
216,PNR_NAME216,CONTACT_INFO216,"{216000,2019-10-02 13:52:01,{country216,648000}}"
217,PNR_NAME217,CONTACT_INFO217,"{217000,2019-10-02 14:52:01,{country217,651000}}"
218,PNR_NAME218,CONTACT_INFO218,"{218000,2019-10-02 15:52:01,{country218,654000}}"
219,PNR_NAME219,CONTACT_INFO219,"{219000,2019-10-02 16:52:01,{country219,657000}}"
220,PNR_NAME220,CONTACT_INFO220,"{220000,2019-10-02 17:52:01,{country220,660000}}"
221,PNR_NAME221,CONTACT_INFO221,"{221000,2019-10-02 18:52:01,{country221,663000}}"
222,PNR_NAME222,CONTACT_INFO222,"{222000,2019-10-02 19:52:01,{country222,666000}}"
223,PNR_NAME223,CONTACT_INFO223,"{223000,2019-10-02 20:52:01,{country223,669000}}"
224,PNR_NAME224,CONTACT_INFO224,"{224000,2019-10-02 21:52:01,{country224,672000}}"
225,PNR_NAME225,CONTACT_INFO225,"{225000,2019-10-02 22:52:01,{country225,675000}}"
226,PNR_NAME226,CONTACT_INFO226,"{226000,2019-10-02 23:52:01,{country226,678000}}"
227,PNR_NAME227,CONTACT_INFO227,"{227000,2019-10-03 00:52:01,{country227,681000}}"
228,PNR_NAME228,CONTACT_INFO228,"{228000,2019-10-03 01:52:01,{country228,684000}}"
229,PNR_NAME229,CONTACT_INFO229,"{229000,2019-10-03 02:52:01,{country229,687000}}"
230,PNR_NAME230,CONTACT_INFO230,"{230000,2019-10-03 03:52:01,{country230,690000}}"
231,PNR_NAME231,CONTACT_INFO231,"{231000,2019-10-03 04:52:01,{country231,693000}}"
232,PNR_NAME232,CONTACT_INFO232,"{232000,2019-10-03 05:52:01,{country232,696000}}"
233,PNR_NAME233,CONTACT_INFO233,"{233000,2019-10-03 06:52:01,{country233,699000}}"
234,PNR_NAME234,CONTACT_INFO234,"{234000,2019-10-03 07:52:01,{country234,702000}}"
235,PNR_NAME235,CONTACT_INFO235,"{235000,2019-10-03 08:52:01,{country235,705000}}"
236,PNR_NAME236,CONTACT_INFO236,"{236000,2019-10-03 09:52:01,{country236,708000}}"
237,PNR_NAME237,CONTACT_INFO237,"{237000,2019-10-03 10:52:01,{country237,711000}}"
238,PNR_NAME238,CONTACT_INFO238,"{238000,2019-10-03 11:52:01,{country238,714000}}"
239,PNR_NAME239,CONTACT_INFO239,"{239000,2019-10-03 12:52:01,{country239,717000}}"
240,PNR_NAME240,CONTACT_INFO240,"{240000,2019-10-03 13:52:01,{country240,720000}}"
241,PNR_NAME241,CONTACT_INFO241,"{241000,2019-10-03 14:52:01,{country241,723000}}"
242,PNR_NAME242,CONTACT_INFO242,"{242000,2019-10-03 15:52:01,{country242,726000}}"
243,PNR_NAME243,CONTACT_INFO243,"{243000,2019-10-03 16:52:01,{country243,729000}}"
244,PNR_NAME244,CONTACT_INFO244,"{244000,2019-10-03 17:52:01,{country244,732000}}"
245,PNR_NAME245,CONTACT_INFO245,"{245000,2019-10-03 18:52:01,{country245,735000}}"
246,PNR_NAME246,CONTACT_INFO246,"{246000,2019-10-03 19:52:01,{country246,738000}}"
247,PNR_NAME247,CONTACT_INFO247,"{247000,2019-10-03 20:52:01,{country247,741000}}"
248,PNR_NAME248,CONTACT_INFO248,"{248000,2019-10-03 21:52:01,{country248,744000}}"
249,PNR_NAME249,CONTACT_INFO249,"{249000,2019-10-03 22:52:01,{country249,747000}}"
250,PNR_NAME250,CONTACT_INFO250,"{250000,2019-10-03 23:52:01,{country250,750000}}"
251,PNR_NAME251,CONTACT_INFO251,"{251000,2019-10-04 00:52:01,{country251,753000}}"
252,PNR_NAME252,CONTACT_INFO252,"{252000,2019-10-04 01:52:01,{country252,756000}}"
253,PNR_NAME253,CONTACT_INFO253,"{253000,2019-10-04 02:52:01,{country253,759000}}"
254,PNR_NAME254,CONTACT_INFO254,"{254000,2019-10-04 03:52:01,{country254,762000}}"
255,PNR_NAME255,CONTACT_INFO255,"{255000,2019-10-04 04:52:01,{country255,765000}}"
256,PNR_NAME256,CONTACT_INFO256,"{256000,2019-10-04 05:52:01,{country256,768000}}"
257,PNR_NAME257,CONTACT_INFO257,"{257000,2019-10-04 06:52:01,{country257,771000}}"
258,PNR_NAME258,CONTACT_INFO258,"{258000,2019-10-04 07:52:01,{country258,774000}}"
259,PNR_NAME259,CONTACT_INFO259,"{259000,2019-10-04 08:52:01,{country259,777000}}"
260,PNR_NAME260,CONTACT_INFO260,"{260000,2019-10-04 09:52:01,{country260,780000}}"
261,PNR_NAME261,CONTACT_INFO261,"{261000,2019-10-04 10:52:01,{country261,783000}}"
262,PNR_NAME262,CONTACT_INFO262,"{262000,2019-10-04 11:52:01,{country262,786000}}"
263,PNR_NAME263,CONTACT_INFO263,"{263000,2019-10-04 12:52:01,{country263,789000}}"
264,PNR_NAME264,CONTACT_INFO264,"{264000,2019-10-04 13:52:01,{country264,792000}}"
265,PNR_NAME265,CONTACT_INFO265,"{265000,2019-10-04 14:52:01,{country265,795000}}"
266,PNR_NAME266,CONTACT_INFO266,"{266000,2019-10-04 15:52:01,{country266,798000}}"
267,PNR_NAME267,CONTACT_INFO267,"{267000,2019-10-04 16:52:01,{country267,801000}}"
441,PNR_NAME441,CONTACT_INFO441,"{441000,2019-10-11 22:52:01,{country441,1323000}}"
442,PNR_NAME442,CONTACT_INFO442,"{442000,2019-10-11 23:52:01,{country442,1326000}}"
443,PNR_NAME443,CONTACT_INFO443,"{443000,2019-10-12 00:52:01,{country443,1329000}}"
444,PNR_NAME444,CONTACT_INFO444,"{444000,2019-10-12 01:52:01,{country444,1332000}}"
445,PNR_NAME445,CONTACT_INFO445,"{445000,2019-10-12 02:52:01,{country445,1335000}}"
446,PNR_NAME446,CONTACT_INFO446,"{446000,2019-10-12 03:52:01,{country446,1338000}}"
447,PNR_NAME447,CONTACT_INFO447,"{447000,2019-10-12 04:52:01,{country447,1341000}}"
448,PNR_NAME448,CONTACT_INFO448,"{448000,2019-10-12 05:52:01,{country448,1344000}}"
449,PNR_NAME449,CONTACT_INFO449,"{449000,2019-10-12 06:52:01,{country449,1347000}}"
450,PNR_NAME450,CONTACT_INFO450,"{450000,2019-10-12 07:52:01,{country450,1350000}}"
451,PNR_NAME451,CONTACT_INFO451,"{451000,2019-10-12 08:52:01,{country451,1353000}}"
452,PNR_NAME452,CONTACT_INFO452,"{452000,2019-10-12 09:52:01,{country452,1356000}}"
453,PNR_NAME453,CONTACT_INFO453,"{453000,2019-10-12 10:52:01,{country453,1359000}}"
454,PNR_NAME454,CONTACT_INFO454,"{454000,2019-10-12 11:52:01,{country454,1362000}}"
455,PNR_NAME455,CONTACT_INFO455,"{455000,2019-10-12 12:52:01,{country455,1365000}}"
456,PNR_NAME456,CONTACT_INFO456,"{456000,2019-10-12 13:52:01,{country456,1368000}}"
457,PNR_NAME457,CONTACT_INFO457,"{457000,2019-10-12 14:52:01,{country457,1371000}}"
458,PNR_NAME458,CONTACT_INFO458,"{458000,2019-10-12 15:52:01,{country458,1374000}}"
459,PNR_NAME459,CONTACT_INFO459,"{459000,2019-10-12 16:52:01,{country459,1377000}}"
460,PNR_NAME460,CONTACT_INFO460,"{460000,2019-10-12 17:52:01,{country460,1380000}}"
461,PNR_NAME461,CONTACT_INFO461,"{461000,2019-10-12 18:52:01,{country461,1383000}}"
462,PNR_NAME462,CONTACT_INFO462,"{462000,2019-10-12 19:52:01,{country462,1386000}}"
463,PNR_NAME463,CONTACT_INFO463,"{463000,2019-10-12 20:52:01,{country463,1389000}}"
464,PNR_NAME464,CONTACT_INFO464,"{464000,2019-10-12 21:52:01,{country464,1392000}}"
465,PNR_NAME465,CONTACT_INFO465,"{465000,2019-10-12 22:52:01,{country465,1395000}}"
466,PNR_NAME466,CONTACT_INFO466,"{466000,2019-10-12 23:52:01,{country466,1398000}}"
467,PNR_NAME467,CONTACT_INFO467,"{467000,2019-10-13 00:52:01,{country467,1401000}}"
468,PNR_NAME468,CONTACT_INFO468,"{468000,2019-10-13 01:52:01,{country468,1404000}}"
469,PNR_NAME469,CONTACT_INFO469,"{469000,2019-10-13 02:52:01,{country469,1407000}}"
470,PNR_NAME470,CONTACT_INFO470,"{470000,2019-10-13 03:52:01,{country470,1410000}}"
471,PNR_NAME471,CONTACT_INFO471,"{471000,2019-10-13 04:52:01,{country471,1413000}}"
472,PNR_NAME472,CONTACT_INFO472,"{472000,2019-10-13 05:52:01,{country472,1416000}}"
473,PNR_NAME473,CONTACT_INFO473,"{473000,2019-10-13 06:52:01,{country473,1419000}}"
474,PNR_NAME474,CONTACT_INFO474,"{474000,2019-10-13 07:52:01,{country474,1422000}}"
475,PNR_NAME475,CONTACT_INFO475,"{475000,2019-10-13 08:52:01,{country475,1425000}}"
476,PNR_NAME476,CONTACT_INFO476,"{476000,2019-10-13 09:52:01,{country476,1428000}}"
477,PNR_NAME477,CONTACT_INFO477,"{477000,2019-10-13 10:52:01,{country477,1431000}}"
478,PNR_NAME478,CONTACT_INFO478,"{478000,2019-10-13 11:52:01,{country478,1434000}}"
479,PNR_NAME479,CONTACT_INFO479,"{479000,2019-10-13 12:52:01,{country479,1437000}}"
480,PNR_NAME480,CONTACT_INFO480,"{480000,2019-10-13 13:52:01,{country480,1440000}}"
481,PNR_NAME481,CONTACT_INFO481,"{481000,2019-10-13 14:52:01,{country481,1443000}}"
482,PNR_NAME482,CONTACT_INFO482,"{482000,2019-10-13 15:52:01,{country482,1446000}}"
483,PNR_NAME483,CONTACT_INFO483,"{483000,2019-10-13 16:52:01,{country483,1449000}}"
484,PNR_NAME484,CONTACT_INFO484,"{484000,2019-10-13 17:52:01,{country484,1452000}}"
485,PNR_NAME485,CONTACT_INFO485,"{485000,2019-10-13 18:52:01,{country485,1455000}}"
486,PNR_NAME486,CONTACT_INFO486,"{486000,2019-10-13 19:52:01,{country486,1458000}}"
487,PNR_NAME487,CONTACT_INFO487,"{487000,2019-10-13 20:52:01,{country487,1461000}}"
488,PNR_NAME488,CONTACT_INFO488,"{488000,2019-10-13 21:52:01,{country488,1464000}}"
489,PNR_NAME489,CONTACT_INFO489,"{489000,2019-10-13 22:52:01,{country489,1467000}}"
490,PNR_NAME490,CONTACT_INFO490,"{490000,2019-10-13 23:52:01,{country490,1470000}}"
491,PNR_NAME491,CONTACT_INFO491,"{491000,2019-10-14 00:52:01,{country491,1473000}}"
492,PNR_NAME492,CONTACT_INFO492,"{492000,2019-10-14 01:52:01,{country492,1476000}}"
493,PNR_NAME493,CONTACT_INFO493,"{493000,2019-10-14 02:52:01,{country493,1479000}}"
494,PNR_NAME494,CONTACT_INFO494,"{494000,2019-10-14 03:52:01,{country494,1482000}}"
495,PNR_NAME495,CONTACT_INFO495,"{495000,2019-10-14 04:52:01,{country495,1485000}}"
496,PNR_NAME496,CONTACT_INFO496,"{496000,2019-10-14 05:52:01,{country496,1488000}}"
497,PNR_NAME497,CONTACT_INFO497,"{497000,2019-10-14 06:52:01,{country497,1491000}}"
498,PNR_NAME498,CONTACT_INFO498,"{498000,2019-10-14 07:52:01,{country498,1494000}}"
499,PNR_NAME499,CONTACT_INFO499,"{499000,2019-10-14 08:52:01,{country499,1497000}}"
500,PNR_NAME500,CONTACT_INFO500,"{500000,2019-10-14 09:52:01,{country500,1500000}}"
501,PNR_NAME501,CONTACT_INFO501,"{501000,2019-10-14 10:52:01,{country501,1503000}}"
502,PNR_NAME502,CONTACT_INFO502,"{502000,2019-10-14 11:52:01,{country502,1506000}}"
503,PNR_NAME503,CONTACT_INFO503,"{503000,2019-10-14 12:52:01,{country503,1509000}}"
504,PNR_NAME504,CONTACT_INFO504,"{504000,2019-10-14 13:52:01,{country504,1512000}}"
505,PNR_NAME505,CONTACT_INFO505,"{505000,2019-10-14 14:52:01,{country505,1515000}}"
506,PNR_NAME506,CONTACT_INFO506,"{506000,2019-10-14 15:52:01,{country506,1518000}}"
507,PNR_NAME507,CONTACT_INFO507,"{507000,2019-10-14 16:52:01,{country507,1521000}}"
508,PNR_NAME508,CONTACT_INFO508,"{508000,2019-10-14 17:52:01,{country508,1524000}}"
509,PNR_NAME509,CONTACT_INFO509,"{509000,2019-10-14 18:52:01,{country509,1527000}}"
510,PNR_NAME510,CONTACT_INFO510,"{510000,2019-10-14 19:52:01,{country510,1530000}}"
511,PNR_NAME511,CONTACT_INFO511,"{511000,2019-10-14 20:52:01,{country511,1533000}}"
512,PNR_NAME512,CONTACT_INFO512,"{512000,2019-10-14 21:52:01,{country512,1536000}}"
513,PNR_NAME513,CONTACT_INFO513,"{513000,2019-10-14 22:52:01,{country513,1539000}}"
514,PNR_NAME514,CONTACT_INFO514,"{514000,2019-10-14 23:52:01,{country514,1542000}}"
515,PNR_NAME515,CONTACT_INFO515,"{515000,2019-10-15 00:52:01,{country515,1545000}}"
516,PNR_NAME516,CONTACT_INFO516,"{516000,2019-10-15 01:52:01,{country516,1548000}}"
517,PNR_NAME517,CONTACT_INFO517,"{517000,2019-10-15 02:52:01,{country517,1551000}}"
518,PNR_NAME518,CONTACT_INFO518,"{518000,2019-10-15 03:52:01,{country518,1554000}}"
519,PNR_NAME519,CONTACT_INFO519,"{519000,2019-10-15 04:52:01,{country519,1557000}}"
520,PNR_NAME520,CONTACT_INFO520,"{520000,2019-10-15 05:52:01,{country520,1560000}}"
521,PNR_NAME521,CONTACT_INFO521,"{521000,2019-10-15 06:52:01,{country521,1563000}}"
522,PNR_NAME522,CONTACT_INFO522,"{522000,2019-10-15 07:52:01,{country522,1566000}}"
523,PNR_NAME523,CONTACT_INFO523,"{523000,2019-10-15 08:52:01,{country523,1569000}}"
524,PNR_NAME524,CONTACT_INFO524,"{524000,2019-10-15 09:52:01,{country524,1572000}}"
525,PNR_NAME525,CONTACT_INFO525,"{525000,2019-10-15 10:52:01,{country525,1575000}}"
526,PNR_NAME526,CONTACT_INFO526,"{526000,2019-10-15 11:52:01,{country526,1578000}}"
527,PNR_NAME527,CONTACT_INFO527,"{527000,2019-10-15 12:52:01,{country527,1581000}}"
528,PNR_NAME528,CONTACT_INFO528,"{528000,2019-10-15 13:52:01,{country528,1584000}}"
529,PNR_NAME529,CONTACT_INFO529,"{529000,2019-10-15 14:52:01,{country529,1587000}}"
530,PNR_NAME530,CONTACT_INFO530,"{530000,2019-10-15 15:52:01,{country530,1590000}}"
531,PNR_NAME531,CONTACT_INFO531,"{531000,2019-10-15 16:52:01,{country531,1593000}}"
532,PNR_NAME532,CONTACT_INFO532,"{532000,2019-10-15 17:52:01,{country532,1596000}}"
533,PNR_NAME533,CONTACT_INFO533,"{533000,2019-10-15 18:52:01,{country533,1599000}}"
534,PNR_NAME534,CONTACT_INFO534,"{534000,2019-10-15 19:52:01,{country534,1602000}}"
535,PNR_NAME535,CONTACT_INFO535,"{535000,2019-10-15 20:52:01,{country535,1605000}}"
536,PNR_NAME536,CONTACT_INFO536,"{536000,2019-10-15 21:52:01,{country536,1608000}}"
537,PNR_NAME537,CONTACT_INFO537,"{537000,2019-10-15 22:52:01,{country537,1611000}}"
538,PNR_NAME538,CONTACT_INFO538,"{538000,2019-10-15 23:52:01,{country538,1614000}}"
539,PNR_NAME539,CONTACT_INFO539,"{539000,2019-10-16 00:52:01,{country539,1617000}}"
540,PNR_NAME540,CONTACT_INFO540,"{540000,2019-10-16 01:52:01,{country540,1620000}}"
541,PNR_NAME541,CONTACT_INFO541,"{541000,2019-10-16 02:52:01,{country541,1623000}}"
542,PNR_NAME542,CONTACT_INFO542,"{542000,2019-10-16 03:52:01,{country542,1626000}}"
543,PNR_NAME543,CONTACT_INFO543,"{543000,2019-10-16 04:52:01,{country543,1629000}}"
544,PNR_NAME544,CONTACT_INFO544,"{544000,2019-10-16 05:52:01,{country544,1632000}}"
545,PNR_NAME545,CONTACT_INFO545,"{545000,2019-10-16 06:52:01,{country545,1635000}}"
546,PNR_NAME546,CONTACT_INFO546,"{546000,2019-10-16 07:52:01,{country546,1638000}}"
547,PNR_NAME547,CONTACT_INFO547,"{547000,2019-10-16 08:52:01,{country547,1641000}}"
548,PNR_NAME548,CONTACT_INFO548,"{548000,2019-10-16 09:52:01,{country548,1644000}}"
549,PNR_NAME549,CONTACT_INFO549,"{549000,2019-10-16 10:52:01,{country549,1647000}}"
550,PNR_NAME550,CONTACT_INFO550,"{550000,2019-10-16 11:52:01,{country550,1650000}}"
551,PNR_NAME551,CONTACT_INFO551,"{551000,2019-10-16 12:52:01,{country551,1653000}}"
552,PNR_NAME552,CONTACT_INFO552,"{552000,2019-10-16 13:52:01,{country552,1656000}}"
553,PNR_NAME553,CONTACT_INFO553,"{553000,2019-10-16 14:52:01,{country553,1659000}}"
554,PNR_NAME554,CONTACT_INFO554,"{554000,2019-10-16 15:52:01,{country554,1662000}}"
555,PNR_NAME555,CONTACT_INFO555,"{555000,2019-10-16 16:52:01,{country555,1665000}}"
556,PNR_NAME556,CONTACT_INFO556,"{556000,2019-10-16 17:52:01,{country556,1668000}}"
557,PNR_NAME557,CONTACT_INFO557,"{557000,2019-10-16 18:52:01,{country557,1671000}}"
558,PNR_NAME558,CONTACT_INFO558,"{558000,2019-10-16 19:52:01,{country558,1674000}}"
559,PNR_NAME559,CONTACT_INFO559,"{559000,2019-10-16 20:52:01,{country559,1677000}}"
560,PNR_NAME560,CONTACT_INFO560,"{560000,2019-10-16 21:52:01,{country560,1680000}}"
561,PNR_NAME561,CONTACT_INFO561,"{561000,2019-10-16 22:52:01,{country561,1683000}}"
562,PNR_NAME562,CONTACT_INFO562,"{562000,2019-10-16 23:52:01,{country562,1686000}}"
563,PNR_NAME563,CONTACT_INFO563,"{563000,2019-10-17 00:52:01,{country563,1689000}}"
564,PNR_NAME564,CONTACT_INFO564,"{564000,2019-10-17 01:52:01,{country564,1692000}}"
565,PNR_NAME565,CONTACT_INFO565,"{565000,2019-10-17 02:52:01,{country565,1695000}}"
566,PNR_NAME566,CONTACT_INFO566,"{566000,2019-10-17 03:52:01,{country566,1698000}}"
567,PNR_NAME567,CONTACT_INFO567,"{567000,2019-10-17 04:52:01,{country567,1701000}}"
568,PNR_NAME568,CONTACT_INFO568,"{568000,2019-10-17 05:52:01,{country568,1704000}}"
569,PNR_NAME569,CONTACT_INFO569,"{569000,2019-10-17 06:52:01,{country569,1707000}}"
570,PNR_NAME570,CONTACT_INFO570,"{570000,2019-10-17 07:52:01,{country570,1710000}}"
571,PNR_NAME571,CONTACT_INFO571,"{571000,2019-10-17 08:52:01,{country571,1713000}}"
572,PNR_NAME572,CONTACT_INFO572,"{572000,2019-10-17 09:52:01,{country572,1716000}}"
573,PNR_NAME573,CONTACT_INFO573,"{573000,2019-10-17 10:52:01,{country573,1719000}}"
574,PNR_NAME574,CONTACT_INFO574,"{574000,2019-10-17 11:52:01,{country574,1722000}}"
575,PNR_NAME575,CONTACT_INFO575,"{575000,2019-10-17 12:52:01,{country575,1725000}}"
576,PNR_NAME576,CONTACT_INFO576,"{576000,2019-10-17 13:52:01,{country576,1728000}}"
577,PNR_NAME577,CONTACT_INFO577,"{577000,2019-10-17 14:52:01,{country577,1731000}}"
578,PNR_NAME578,CONTACT_INFO578,"{578000,2019-10-17 15:52:01,{country578,1734000}}"
579,PNR_NAME579,CONTACT_INFO579,"{579000,2019-10-17 16:52:01,{country579,1737000}}"
580,PNR_NAME580,CONTACT_INFO580,"{580000,2019-10-17 17:52:01,{country580,1740000}}"
581,PNR_NAME581,CONTACT_INFO581,"{581000,2019-10-17 18:52:01,{country581,1743000}}"
582,PNR_NAME582,CONTACT_INFO582,"{582000,2019-10-17 19:52:01,{country582,1746000}}"
583,PNR_NAME583,CONTACT_INFO583,"{583000,2019-10-17 20:52:01,{country583,1749000}}"
584,PNR_NAME584,CONTACT_INFO584,"{584000,2019-10-17 21:52:01,{country584,1752000}}"
585,PNR_NAME585,CONTACT_INFO585,"{585000,2019-10-17 22:52:01,{country585,1755000}}"
586,PNR_NAME586,CONTACT_INFO586,"{586000,2019-10-17 23:52:01,{country586,1758000}}"
587,PNR_NAME587,CONTACT_INFO587,"{587000,2019-10-18 00:52:01,{country587,1761000}}"
588,PNR_NAME588,CONTACT_INFO588,"{588000,2019-10-18 01:52:01,{country588,1764000}}"
589,PNR_NAME589,CONTACT_INFO589,"{589000,2019-10-18 02:52:01,{country589,1767000}}"
590,PNR_NAME590,CONTACT_INFO590,"{590000,2019-10-18 03:52:01,{country590,1770000}}"
591,PNR_NAME591,CONTACT_INFO591,"{591000,2019-10-18 04:52:01,{country591,1773000}}"
592,PNR_NAME592,CONTACT_INFO592,"{592000,2019-10-18 05:52:01,{country592,1776000}}"
593,PNR_NAME593,CONTACT_INFO593,"{593000,2019-10-18 06:52:01,{country593,1779000}}"
594,PNR_NAME594,CONTACT_INFO594,"{594000,2019-10-18 07:52:01,{country594,1782000}}"
595,PNR_NAME595,CONTACT_INFO595,"{595000,2019-10-18 08:52:01,{country595,1785000}}"
596,PNR_NAME596,CONTACT_INFO596,"{596000,2019-10-18 09:52:01,{country596,1788000}}"
597,PNR_NAME597,CONTACT_INFO597,"{597000,2019-10-18 10:52:01,{country597,1791000}}"
598,PNR_NAME598,CONTACT_INFO598,"{598000,2019-10-18 11:52:01,{country598,1794000}}"
599,PNR_NAME599,CONTACT_INFO599,"{599000,2019-10-18 12:52:01,{country599,1797000}}"
600,PNR_NAME600,CONTACT_INFO600,"{600000,2019-10-18 13:52:01,{country600,1800000}}"
601,PNR_NAME601,CONTACT_INFO601,"{601000,2019-10-18 14:52:01,{country601,1803000}}"
602,PNR_NAME602,CONTACT_INFO602,"{602000,2019-10-18 15:52:01,{country602,1806000}}"
603,PNR_NAME603,CONTACT_INFO603,"{603000,2019-10-18 16:52:01,{country603,1809000}}"
604,PNR_NAME604,CONTACT_INFO604,"{604000,2019-10-18 17:52:01,{country604,1812000}}"
605,PNR_NAME605,CONTACT_INFO605,"{605000,2019-10-18 18:52:01,{country605,1815000}}"
606,PNR_NAME606,CONTACT_INFO606,"{606000,2019-10-18 19:52:01,{country606,1818000}}"
607,PNR_NAME607,CONTACT_INFO607,"{607000,2019-10-18 20:52:01,{country607,1821000}}"
608,PNR_NAME608,CONTACT_INFO608,"{608000,2019-10-18 21:52:01,{country608,1824000}}"
609,PNR_NAME609,CONTACT_INFO609,"{609000,2019-10-18 22:52:01,{country609,1827000}}"
610,PNR_NAME610,CONTACT_INFO610,"{610000,2019-10-18 23:52:01,{country610,1830000}}"
611,PNR_NAME611,CONTACT_INFO611,"{611000,2019-10-19 00:52:01,{country611,1833000}}"
612,PNR_NAME612,CONTACT_INFO612,"{612000,2019-10-19 01:52:01,{country612,1836000}}"
613,PNR_NAME613,CONTACT_INFO613,"{613000,2019-10-19 02:52:01,{country613,1839000}}"
614,PNR_NAME614,CONTACT_INFO614,"{614000,2019-10-19 03:52:01,{country614,1842000}}"
615,PNR_NAME615,CONTACT_INFO615,"{615000,2019-10-19 04:52:01,{country615,1845000}}"
616,PNR_NAME616,CONTACT_INFO616,"{616000,2019-10-19 05:52:01,{country616,1848000}}"
617,PNR_NAME617,CONTACT_INFO617,"{617000,2019-10-19 06:52:01,{country617,1851000}}"
618,PNR_NAME618,CONTACT_INFO618,"{618000,2019-10-19 07:52:01,{country618,1854000}}"
619,PNR_NAME619,CONTACT_INFO619,"{619000,2019-10-19 08:52:01,{country619,1857000}}"
620,PNR_NAME620,CONTACT_INFO620,"{620000,2019-10-19 09:52:01,{country620,1860000}}"
621,PNR_NAME621,CONTACT_INFO621,"{621000,2019-10-19 10:52:01,{country621,1863000}}"
622,PNR_NAME622,CONTACT_INFO622,"{622000,2019-10-19 11:52:01,{country622,1866000}}"
623,PNR_NAME623,CONTACT_INFO623,"{623000,2019-10-19 12:52:01,{country623,1869000}}"
624,PNR_NAME624,CONTACT_INFO624,"{624000,2019-10-19 13:52:01,{country624,1872000}}"
625,PNR_NAME625,CONTACT_INFO625,"{625000,2019-10-19 14:52:01,{country625,1875000}}"
626,PNR_NAME626,CONTACT_INFO626,"{626000,2019-10-19 15:52:01,{country626,1878000}}"
627,PNR_NAME627,CONTACT_INFO627,"{627000,2019-10-19 16:52:01,{country627,1881000}}"
628,PNR_NAME628,CONTACT_INFO628,"{628000,2019-10-19 17:52:01,{country628,1884000}}"
629,PNR_NAME629,CONTACT_INFO629,"{629000,2019-10-19 18:52:01,{country629,1887000}}"
630,PNR_NAME630,CONTACT_INFO630,"{630000,2019-10-19 19:52:01,{country630,1890000}}"
631,PNR_NAME631,CONTACT_INFO631,"{631000,2019-10-19 20:52:01,{country631,1893000}}"
632,PNR_NAME632,CONTACT_INFO632,"{632000,2019-10-19 21:52:01,{country632,1896000}}"
633,PNR_NAME633,CONTACT_INFO633,"{633000,2019-10-19 22:52:01,{country633,1899000}}"
634,PNR_NAME634,CONTACT_INFO634,"{634000,2019-10-19 23:52:01,{country634,1902000}}"
635,PNR_NAME635,CONTACT_INFO635,"{635000,2019-10-20 00:52:01,{country635,1905000}}"
636,PNR_NAME636,CONTACT_INFO636,"{636000,2019-10-20 01:52:01,{country636,1908000}}"
637,PNR_NAME637,CONTACT_INFO637,"{637000,2019-10-20 02:52:01,{country637,1911000}}"
638,PNR_NAME638,CONTACT_INFO638,"{638000,2019-10-20 03:52:01,{country638,1914000}}"
639,PNR_NAME639,CONTACT_INFO639,"{639000,2019-10-20 04:52:01,{country639,1917000}}"
640,PNR_NAME640,CONTACT_INFO640,"{640000,2019-10-20 05:52:01,{country640,1920000}}"
641,PNR_NAME641,CONTACT_INFO641,"{641000,2019-10-20 06:52:01,{country641,1923000}}"
642,PNR_NAME642,CONTACT_INFO642,"{642000,2019-10-20 07:52:01,{country642,1926000}}"
643,PNR_NAME643,CONTACT_INFO643,"{643000,2019-10-20 08:52:01,{country643,1929000}}"
644,PNR_NAME644,CONTACT_INFO644,"{644000,2019-10-20 09:52:01,{country644,1932000}}"
645,PNR_NAME645,CONTACT_INFO645,"{645000,2019-10-20 10:52:01,{country645,1935000}}"
646,PNR_NAME646,CONTACT_INFO646,"{646000,2019-10-20 11:52:01,{country646,1938000}}"
647,PNR_NAME647,CONTACT_INFO647,"{647000,2019-10-20 12:52:01,{country647,1941000}}"
648,PNR_NAME648,CONTACT_INFO648,"{648000,2019-10-20 13:52:01,{country648,1944000}}"
649,PNR_NAME649,CONTACT_INFO649,"{649000,2019-10-20 14:52:01,{country649,1947000}}"
650,PNR_NAME650,CONTACT_INFO650,"{650000,2019-10-20 15:52:01,{country650,1950000}}"
651,PNR_NAME651,CONTACT_INFO651,"{651000,2019-10-20 16:52:01,{country651,1953000}}"
652,PNR_NAME652,CONTACT_INFO652,"{652000,2019-10-20 17:52:01,{country652,1956000}}"
653,PNR_NAME653,CONTACT_INFO653,"{653000,2019-10-20 18:52:01,{country653,1959000}}"
654,PNR_NAME654,CONTACT_INFO654,"{654000,2019-10-20 19:52:01,{country654,1962000}}"
655,PNR_NAME655,CONTACT_INFO655,"{655000,2019-10-20 20:52:01,{country655,1965000}}"
656,PNR_NAME656,CONTACT_INFO656,"{656000,2019-10-20 21:52:01,{country656,1968000}}"
657,PNR_NAME657,CONTACT_INFO657,"{657000,2019-10-20 22:52:01,{country657,1971000}}"
658,PNR_NAME658,CONTACT_INFO658,"{658000,2019-10-20 23:52:01,{country658,1974000}}"
659,PNR_NAME659,CONTACT_INFO659,"{659000,2019-10-21 00:52:01,{country659,1977000}}"
660,PNR_NAME660,CONTACT_INFO660,"{660000,2019-10-21 01:52:01,{country660,1980000}}"
661,PNR_NAME661,CONTACT_INFO661,"{661000,2019-10-21 02:52:01,{country661,1983000}}"
662,PNR_NAME662,CONTACT_INFO662,"{662000,2019-10-21 03:52:01,{country662,1986000}}"
663,PNR_NAME663,CONTACT_INFO663,"{663000,2019-10-21 04:52:01,{country663,1989000}}"
664,PNR_NAME664,CONTACT_INFO664,"{664000,2019-10-21 05:52:01,{country664,1992000}}"
665,PNR_NAME665,CONTACT_INFO665,"{665000,2019-10-21 06:52:01,{country665,1995000}}"
666,PNR_NAME666,CONTACT_INFO666,"{666000,2019-10-21 07:52:01,{country666,1998000}}"
667,PNR_NAME667,CONTACT_INFO667,"{667000,2019-10-21 08:52:01,{country667,2001000}}"
668,PNR_NAME668,CONTACT_INFO668,"{668000,2019-10-21 09:52:01,{country668,2004000}}"
669,PNR_NAME669,CONTACT_INFO669,"{669000,2019-10-21 10:52:01,{country669,2007000}}"
670,PNR_NAME670,CONTACT_INFO670,"{670000,2019-10-21 11:52:01,{country670,2010000}}"
671,PNR_NAME671,CONTACT_INFO671,"{671000,2019-10-21 12:52:01,{country671,2013000}}"
672,PNR_NAME672,CONTACT_INFO672,"{672000,2019-10-21 13:52:01,{country672,2016000}}"
673,PNR_NAME673,CONTACT_INFO673,"{673000,2019-10-21 14:52:01,{country673,2019000}}"
674,PNR_NAME674,CONTACT_INFO674,"{674000,2019-10-21 15:52:01,{country674,2022000}}"
675,PNR_NAME675,CONTACT_INFO675,"{675000,2019-10-21 16:52:01,{country675,2025000}}"
676,PNR_NAME676,CONTACT_INFO676,"{676000,2019-10-21 17:52:01,{country676,2028000}}"
677,PNR_NAME677,CONTACT_INFO677,"{677000,2019-10-21 18:52:01,{country677,2031000}}"
678,PNR_NAME678,CONTACT_INFO678,"{678000,2019-10-21 19:52:01,{country678,2034000}}"
679,PNR_NAME679,CONTACT_INFO679,"{679000,2019-10-21 20:52:01,{country679,2037000}}"
680,PNR_NAME680,CONTACT_INFO680,"{680000,2019-10-21 21:52:01,{country680,2040000}}"
681,PNR_NAME681,CONTACT_INFO681,"{681000,2019-10-21 22:52:01,{country681,2043000}}"
682,PNR_NAME682,CONTACT_INFO682,"{682000,2019-10-21 23:52:01,{country682,2046000}}"
683,PNR_NAME683,CONTACT_INFO683,"{683000,2019-10-22 00:52:01,{country683,2049000}}"
684,PNR_NAME684,CONTACT_INFO684,"{684000,2019-10-22 01:52:01,{country684,2052000}}"
685,PNR_NAME685,CONTACT_INFO685,"{685000,2019-10-22 02:52:01,{country685,2055000}}"
686,PNR_NAME686,CONTACT_INFO686,"{686000,2019-10-22 03:52:01,{country686,2058000}}"
687,PNR_NAME687,CONTACT_INFO687,"{687000,2019-10-22 04:52:01,{country687,2061000}}"
688,PNR_NAME688,CONTACT_INFO688,"{688000,2019-10-22 05:52:01,{country688,2064000}}"
689,PNR_NAME689,CONTACT_INFO689,"{689000,2019-10-22 06:52:01,{country689,2067000}}"
690,PNR_NAME690,CONTACT_INFO690,"{690000,2019-10-22 07:52:01,{country690,2070000}}"
691,PNR_NAME691,CONTACT_INFO691,"{691000,2019-10-22 08:52:01,{country691,2073000}}"
692,PNR_NAME692,CONTACT_INFO692,"{692000,2019-10-22 09:52:01,{country692,2076000}}"
693,PNR_NAME693,CONTACT_INFO693,"{693000,2019-10-22 10:52:01,{country693,2079000}}"
694,PNR_NAME694,CONTACT_INFO694,"{694000,2019-10-22 11:52:01,{country694,2082000}}"
695,PNR_NAME695,CONTACT_INFO695,"{695000,2019-10-22 12:52:01,{country695,2085000}}"
696,PNR_NAME696,CONTACT_INFO696,"{696000,2019-10-22 13:52:01,{country696,2088000}}"
697,PNR_NAME697,CONTACT_INFO697,"{697000,2019-10-22 14:52:01,{country697,2091000}}"
698,PNR_NAME698,CONTACT_INFO698,"{698000,2019-10-22 15:52:01,{country698,2094000}}"
699,PNR_NAME699,CONTACT_INFO699,"{699000,2019-10-22 16:52:01,{country699,2097000}}"
700,PNR_NAME700,CONTACT_INFO700,"{700000,2019-10-22 17:52:01,{country700,2100000}}"
701,PNR_NAME701,CONTACT_INFO701,"{701000,2019-10-22 18:52:01,{country701,2103000}}"
702,PNR_NAME702,CONTACT_INFO702,"{702000,2019-10-22 19:52:01,{country702,2106000}}"
703,PNR_NAME703,CONTACT_INFO703,"{703000,2019-10-22 20:52:01,{country703,2109000}}"
704,PNR_NAME704,CONTACT_INFO704,"{704000,2019-10-22 21:52:01,{country704,2112000}}"
705,PNR_NAME705,CONTACT_INFO705,"{705000,2019-10-22 22:52:01,{country705,2115000}}"
706,PNR_NAME706,CONTACT_INFO706,"{706000,2019-10-22 23:52:01,{country706,2118000}}"
707,PNR_NAME707,CONTACT_INFO707,"{707000,2019-10-23 00:52:01,{country707,2121000}}"
708,PNR_NAME708,CONTACT_INFO708,"{708000,2019-10-23 01:52:01,{country708,2124000}}"
709,PNR_NAME709,CONTACT_INFO709,"{709000,2019-10-23 02:52:01,{country709,2127000}}"
710,PNR_NAME710,CONTACT_INFO710,"{710000,2019-10-23 03:52:01,{country710,2130000}}"
711,PNR_NAME711,CONTACT_INFO711,"{711000,2019-10-23 04:52:01,{country711,2133000}}"
712,PNR_NAME712,CONTACT_INFO712,"{712000,2019-10-23 05:52:01,{country712,2136000}}"
713,PNR_NAME713,CONTACT_INFO713,"{713000,2019-10-23 06:52:01,{country713,2139000}}"
714,PNR_NAME714,CONTACT_INFO714,"{714000,2019-10-23 07:52:01,{country714,2142000}}"
715,PNR_NAME715,CONTACT_INFO715,"{715000,2019-10-23 08:52:01,{country715,2145000}}"
716,PNR_NAME716,CONTACT_INFO716,"{716000,2019-10-23 09:52:01,{country716,2148000}}"
717,PNR_NAME717,CONTACT_INFO717,"{717000,2019-10-23 10:52:01,{country717,2151000}}"
718,PNR_NAME718,CONTACT_INFO718,"{718000,2019-10-23 11:52:01,{country718,2154000}}"
719,PNR_NAME719,CONTACT_INFO719,"{719000,2019-10-23 12:52:01,{country719,2157000}}"
720,PNR_NAME720,CONTACT_INFO720,"{720000,2019-10-23 13:52:01,{country720,2160000}}"
721,PNR_NAME721,CONTACT_INFO721,"{721000,2019-10-23 14:52:01,{country721,2163000}}"
722,PNR_NAME722,CONTACT_INFO722,"{722000,2019-10-23 15:52:01,{country722,2166000}}"
723,PNR_NAME723,CONTACT_INFO723,"{723000,2019-10-23 16:52:01,{country723,2169000}}"
724,PNR_NAME724,CONTACT_INFO724,"{724000,2019-10-23 17:52:01,{country724,2172000}}"
725,PNR_NAME725,CONTACT_INFO725,"{725000,2019-10-23 18:52:01,{country725,2175000}}"
726,PNR_NAME726,CONTACT_INFO726,"{726000,2019-10-23 19:52:01,{country726,2178000}}"
727,PNR_NAME727,CONTACT_INFO727,"{727000,2019-10-23 20:52:01,{country727,2181000}}"
728,PNR_NAME728,CONTACT_INFO728,"{728000,2019-10-23 21:52:01,{country728,2184000}}"
729,PNR_NAME729,CONTACT_INFO729,"{729000,2019-10-23 22:52:01,{country729,2187000}}"
730,PNR_NAME730,CONTACT_INFO730,"{730000,2019-10-23 23:52:01,{country730,2190000}}"
731,PNR_NAME731,CONTACT_INFO731,"{731000,2019-10-24 00:52:01,{country731,2193000}}"
732,PNR_NAME732,CONTACT_INFO732,"{732000,2019-10-24 01:52:01,{country732,2196000}}"
733,PNR_NAME733,CONTACT_INFO733,"{733000,2019-10-24 02:52:01,{country733,2199000}}"
734,PNR_NAME734,CONTACT_INFO734,"{734000,2019-10-24 03:52:01,{country734,2202000}}"
735,PNR_NAME735,CONTACT_INFO735,"{735000,2019-10-24 04:52:01,{country735,2205000}}"
736,PNR_NAME736,CONTACT_INFO736,"{736000,2019-10-24 05:52:01,{country736,2208000}}"
737,PNR_NAME737,CONTACT_INFO737,"{737000,2019-10-24 06:52:01,{country737,2211000}}"
738,PNR_NAME738,CONTACT_INFO738,"{738000,2019-10-24 07:52:01,{country738,2214000}}"
739,PNR_NAME739,CONTACT_INFO739,"{739000,2019-10-24 08:52:01,{country739,2217000}}"
740,PNR_NAME740,CONTACT_INFO740,"{740000,2019-10-24 09:52:01,{country740,2220000}}"
741,PNR_NAME741,CONTACT_INFO741,"{741000,2019-10-24 10:52:01,{country741,2223000}}"
742,PNR_NAME742,CONTACT_INFO742,"{742000,2019-10-24 11:52:01,{country742,2226000}}"
743,PNR_NAME743,CONTACT_INFO743,"{743000,2019-10-24 12:52:01,{country743,2229000}}"
744,PNR_NAME744,CONTACT_INFO744,"{744000,2019-10-24 13:52:01,{country744,2232000}}"
745,PNR_NAME745,CONTACT_INFO745,"{745000,2019-10-24 14:52:01,{country745,2235000}}"
746,PNR_NAME746,CONTACT_INFO746,"{746000,2019-10-24 15:52:01,{country746,2238000}}"
747,PNR_NAME747,CONTACT_INFO747,"{747000,2019-10-24 16:52:01,{country747,2241000}}"
748,PNR_NAME748,CONTACT_INFO748,"{748000,2019-10-24 17:52:01,{country748,2244000}}"
749,PNR_NAME749,CONTACT_INFO749,"{749000,2019-10-24 18:52:01,{country749,2247000}}"
750,PNR_NAME750,CONTACT_INFO750,"{750000,2019-10-24 19:52:01,{country750,2250000}}"
751,PNR_NAME751,CONTACT_INFO751,"{751000,2019-10-24 20:52:01,{country751,2253000}}"
752,PNR_NAME752,CONTACT_INFO752,"{752000,2019-10-24 21:52:01,{country752,2256000}}"
753,PNR_NAME753,CONTACT_INFO753,"{753000,2019-10-24 22:52:01,{country753,2259000}}"
754,PNR_NAME754,CONTACT_INFO754,"{754000,2019-10-24 23:52:01,{country754,2262000}}"
755,PNR_NAME755,CONTACT_INFO755,"{755000,2019-10-25 00:52:01,{country755,2265000}}"
756,PNR_NAME756,CONTACT_INFO756,"{756000,2019-10-25 01:52:01,{country756,2268000}}"
757,PNR_NAME757,CONTACT_INFO757,"{757000,2019-10-25 02:52:01,{country757,2271000}}"
758,PNR_NAME758,CONTACT_INFO758,"{758000,2019-10-25 03:52:01,{country758,2274000}}"
759,PNR_NAME759,CONTACT_INFO759,"{759000,2019-10-25 04:52:01,{country759,2277000}}"
760,PNR_NAME760,CONTACT_INFO760,"{760000,2019-10-25 05:52:01,{country760,2280000}}"
761,PNR_NAME761,CONTACT_INFO761,"{761000,2019-10-25 06:52:01,{country761,2283000}}"
762,PNR_NAME762,CONTACT_INFO762,"{762000,2019-10-25 07:52:01,{country762,2286000}}"
763,PNR_NAME763,CONTACT_INFO763,"{763000,2019-10-25 08:52:01,{country763,2289000}}"
764,PNR_NAME764,CONTACT_INFO764,"{764000,2019-10-25 09:52:01,{country764,2292000}}"
765,PNR_NAME765,CONTACT_INFO765,"{765000,2019-10-25 10:52:01,{country765,2295000}}"
766,PNR_NAME766,CONTACT_INFO766,"{766000,2019-10-25 11:52:01,{country766,2298000}}"
767,PNR_NAME767,CONTACT_INFO767,"{767000,2019-10-25 12:52:01,{country767,2301000}}"
768,PNR_NAME768,CONTACT_INFO768,"{768000,2019-10-25 13:52:01,{country768,2304000}}"
769,PNR_NAME769,CONTACT_INFO769,"{769000,2019-10-25 14:52:01,{country769,2307000}}"
770,PNR_NAME770,CONTACT_INFO770,"{770000,2019-10-25 15:52:01,{country770,2310000}}"
771,PNR_NAME771,CONTACT_INFO771,"{771000,2019-10-25 16:52:01,{country771,2313000}}"
772,PNR_NAME772,CONTACT_INFO772,"{772000,2019-10-25 17:52:01,{country772,2316000}}"
773,PNR_NAME773,CONTACT_INFO773,"{773000,2019-10-25 18:52:01,{country773,2319000}}"
774,PNR_NAME774,CONTACT_INFO774,"{774000,2019-10-25 19:52:01,{country774,2322000}}"
775,PNR_NAME775,CONTACT_INFO775,"{775000,2019-10-25 20:52:01,{country775,2325000}}"
776,PNR_NAME776,CONTACT_INFO776,"{776000,2019-10-25 21:52:01,{country776,2328000}}"
777,PNR_NAME777,CONTACT_INFO777,"{777000,2019-10-25 22:52:01,{country777,2331000}}"
778,PNR_NAME778,CONTACT_INFO778,"{778000,2019-10-25 23:52:01,{country778,2334000}}"
779,PNR_NAME779,CONTACT_INFO779,"{779000,2019-10-26 00:52:01,{country779,2337000}}"
780,PNR_NAME780,CONTACT_INFO780,"{780000,2019-10-26 01:52:01,{country780,2340000}}"
781,PNR_NAME781,CONTACT_INFO781,"{781000,2019-10-26 02:52:01,{country781,2343000}}"
782,PNR_NAME782,CONTACT_INFO782,"{782000,2019-10-26 03:52:01,{country782,2346000}}"
783,PNR_NAME783,CONTACT_INFO783,"{783000,2019-10-26 04:52:01,{country783,2349000}}"
784,PNR_NAME784,CONTACT_INFO784,"{784000,2019-10-26 05:52:01,{country784,2352000}}"
785,PNR_NAME785,CONTACT_INFO785,"{785000,2019-10-26 06:52:01,{country785,2355000}}"
786,PNR_NAME786,CONTACT_INFO786,"{786000,2019-10-26 07:52:01,{country786,2358000}}"
787,PNR_NAME787,CONTACT_INFO787,"{787000,2019-10-26 08:52:01,{country787,2361000}}"
788,PNR_NAME788,CONTACT_INFO788,"{788000,2019-10-26 09:52:01,{country788,2364000}}"
789,PNR_NAME789,CONTACT_INFO789,"{789000,2019-10-26 10:52:01,{country789,2367000}}"
790,PNR_NAME790,CONTACT_INFO790,"{790000,2019-10-26 11:52:01,{country790,2370000}}"
791,PNR_NAME791,CONTACT_INFO791,"{791000,2019-10-26 12:52:01,{country791,2373000}}"
792,PNR_NAME792,CONTACT_INFO792,"{792000,2019-10-26 13:52:01,{country792,2376000}}"
793,PNR_NAME793,CONTACT_INFO793,"{793000,2019-10-26 14:52:01,{country793,2379000}}"
794,PNR_NAME794,CONTACT_INFO794,"{794000,2019-10-26 15:52:01,{country794,2382000}}"
795,PNR_NAME795,CONTACT_INFO795,"{795000,2019-10-26 16:52:01,{country795,2385000}}"
796,PNR_NAME796,CONTACT_INFO796,"{796000,2019-10-26 17:52:01,{country796,2388000}}"
797,PNR_NAME797,CONTACT_INFO797,"{797000,2019-10-26 18:52:01,{country797,2391000}}"
798,PNR_NAME798,CONTACT_INFO798,"{798000,2019-10-26 19:52:01,{country798,2394000}}"
799,PNR_NAME799,CONTACT_INFO799,"{799000,2019-10-26 20:52:01,{country799,2397000}}"
800,PNR_NAME800,CONTACT_INFO800,"{800000,2019-10-26 21:52:01,{country800,2400000}}"
801,PNR_NAME801,CONTACT_INFO801,"{801000,2019-10-26 22:52:01,{country801,2403000}}"
802,PNR_NAME802,CONTACT_INFO802,"{802000,2019-10-26 23:52:01,{country802,2406000}}"
803,PNR_NAME803,CONTACT_INFO803,"{803000,2019-10-27 00:52:01,{country803,2409000}}"
804,PNR_NAME804,CONTACT_INFO804,"{804000,2019-10-27 01:52:01,{country804,2412000}}"
805,PNR_NAME805,CONTACT_INFO805,"{805000,2019-10-27 02:52:01,{country805,2415000}}"
806,PNR_NAME806,CONTACT_INFO806,"{806000,2019-10-27 03:52:01,{country806,2418000}}"
807,PNR_NAME807,CONTACT_INFO807,"{807000,2019-10-27 04:52:01,{country807,2421000}}"
808,PNR_NAME808,CONTACT_INFO808,"{808000,2019-10-27 05:52:01,{country808,2424000}}"
809,PNR_NAME809,CONTACT_INFO809,"{809000,2019-10-27 06:52:01,{country809,2427000}}"
810,PNR_NAME810,CONTACT_INFO810,"{810000,2019-10-27 07:52:01,{country810,2430000}}"
811,PNR_NAME811,CONTACT_INFO811,"{811000,2019-10-27 08:52:01,{country811,2433000}}"
812,PNR_NAME812,CONTACT_INFO812,"{812000,2019-10-27 09:52:01,{country812,2436000}}"
813,PNR_NAME813,CONTACT_INFO813,"{813000,2019-10-27 10:52:01,{country813,2439000}}"
814,PNR_NAME814,CONTACT_INFO814,"{814000,2019-10-27 11:52:01,{country814,2442000}}"
815,PNR_NAME815,CONTACT_INFO815,"{815000,2019-10-27 12:52:01,{country815,2445000}}"
816,PNR_NAME816,CONTACT_INFO816,"{816000,2019-10-27 13:52:01,{country816,2448000}}"
817,PNR_NAME817,CONTACT_INFO817,"{817000,2019-10-27 14:52:01,{country817,2451000}}"
818,PNR_NAME818,CONTACT_INFO818,"{818000,2019-10-27 15:52:01,{country818,2454000}}"
819,PNR_NAME819,CONTACT_INFO819,"{819000,2019-10-27 16:52:01,{country819,2457000}}"
820,PNR_NAME820,CONTACT_INFO820,"{820000,2019-10-27 17:52:01,{country820,2460000}}"
821,PNR_NAME821,CONTACT_INFO821,"{821000,2019-10-27 18:52:01,{country821,2463000}}"
822,PNR_NAME822,CONTACT_INFO822,"{822000,2019-10-27 19:52:01,{country822,2466000}}"
823,PNR_NAME823,CONTACT_INFO823,"{823000,2019-10-27 20:52:01,{country823,2469000}}"
824,PNR_NAME824,CONTACT_INFO824,"{824000,2019-10-27 21:52:01,{country824,2472000}}"
825,PNR_NAME825,CONTACT_INFO825,"{825000,2019-10-27 22:52:01,{country825,2475000}}"
826,PNR_NAME826,CONTACT_INFO826,"{826000,2019-10-27 23:52:01,{country826,2478000}}"
827,PNR_NAME827,CONTACT_INFO827,"{827000,2019-10-28 00:52:01,{country827,2481000}}"
828,PNR_NAME828,CONTACT_INFO828,"{828000,2019-10-28 01:52:01,{country828,2484000}}"
829,PNR_NAME829,CONTACT_INFO829,"{829000,2019-10-28 02:52:01,{country829,2487000}}"
830,PNR_NAME830,CONTACT_INFO830,"{830000,2019-10-28 03:52:01,{country830,2490000}}"
831,PNR_NAME831,CONTACT_INFO831,"{831000,2019-10-28 04:52:01,{country831,2493000}}"
832,PNR_NAME832,CONTACT_INFO832,"{832000,2019-10-28 05:52:01,{country832,2496000}}"
833,PNR_NAME833,CONTACT_INFO833,"{833000,2019-10-28 06:52:01,{country833,2499000}}"
834,PNR_NAME834,CONTACT_INFO834,"{834000,2019-10-28 07:52:01,{country834,2502000}}"
835,PNR_NAME835,CONTACT_INFO835,"{835000,2019-10-28 08:52:01,{country835,2505000}}"
836,PNR_NAME836,CONTACT_INFO836,"{836000,2019-10-28 09:52:01,{country836,2508000}}"
837,PNR_NAME837,CONTACT_INFO837,"{837000,2019-10-28 10:52:01,{country837,2511000}}"
838,PNR_NAME838,CONTACT_INFO838,"{838000,2019-10-28 11:52:01,{country838,2514000}}"
839,PNR_NAME839,CONTACT_INFO839,"{839000,2019-10-28 12:52:01,{country839,2517000}}"
840,PNR_NAME840,CONTACT_INFO840,"{840000,2019-10-28 13:52:01,{country840,2520000}}"
841,PNR_NAME841,CONTACT_INFO841,"{841000,2019-10-28 14:52:01,{country841,2523000}}"
842,PNR_NAME842,CONTACT_INFO842,"{842000,2019-10-28 15:52:01,{country842,2526000}}"
843,PNR_NAME843,CONTACT_INFO843,"{843000,2019-10-28 16:52:01,{country843,2529000}}"
844,PNR_NAME844,CONTACT_INFO844,"{844000,2019-10-28 17:52:01,{country844,2532000}}"
845,PNR_NAME845,CONTACT_INFO845,"{845000,2019-10-28 18:52:01,{country845,2535000}}"
846,PNR_NAME846,CONTACT_INFO846,"{846000,2019-10-28 19:52:01,{country846,2538000}}"
847,PNR_NAME847,CONTACT_INFO847,"{847000,2019-10-28 20:52:01,{country847,2541000}}"
848,PNR_NAME848,CONTACT_INFO848,"{848000,2019-10-28 21:52:01,{country848,2544000}}"
849,PNR_NAME849,CONTACT_INFO849,"{849000,2019-10-28 22:52:01,{country849,2547000}}"
850,PNR_NAME850,CONTACT_INFO850,"{850000,2019-10-28 23:52:01,{country850,2550000}}"
851,PNR_NAME851,CONTACT_INFO851,"{851000,2019-10-29 00:52:01,{country851,2553000}}"
852,PNR_NAME852,CONTACT_INFO852,"{852000,2019-10-29 01:52:01,{country852,2556000}}"
853,PNR_NAME853,CONTACT_INFO853,"{853000,2019-10-29 02:52:01,{country853,2559000}}"
854,PNR_NAME854,CONTACT_INFO854,"{854000,2019-10-29 03:52:01,{country854,2562000}}"
855,PNR_NAME855,CONTACT_INFO855,"{855000,2019-10-29 04:52:01,{country855,2565000}}"
856,PNR_NAME856,CONTACT_INFO856,"{856000,2019-10-29 05:52:01,{country856,2568000}}"
857,PNR_NAME857,CONTACT_INFO857,"{857000,2019-10-29 06:52:01,{country857,2571000}}"
858,PNR_NAME858,CONTACT_INFO858,"{858000,2019-10-29 07:52:01,{country858,2574000}}"
859,PNR_NAME859,CONTACT_INFO859,"{859000,2019-10-29 08:52:01,{country859,2577000}}"
860,PNR_NAME860,CONTACT_INFO860,"{860000,2019-10-29 09:52:01,{country860,2580000}}"
861,PNR_NAME861,CONTACT_INFO861,"{861000,2019-10-29 10:52:01,{country861,2583000}}"
862,PNR_NAME862,CONTACT_INFO862,"{862000,2019-10-29 11:52:01,{country862,2586000}}"
863,PNR_NAME863,CONTACT_INFO863,"{863000,2019-10-29 12:52:01,{country863,2589000}}"
864,PNR_NAME864,CONTACT_INFO864,"{864000,2019-10-29 13:52:01,{country864,2592000}}"
865,PNR_NAME865,CONTACT_INFO865,"{865000,2019-10-29 14:52:01,{country865,2595000}}"
866,PNR_NAME866,CONTACT_INFO866,"{866000,2019-10-29 15:52:01,{country866,2598000}}"
867,PNR_NAME867,CONTACT_INFO867,"{867000,2019-10-29 16:52:01,{country867,2601000}}"
868,PNR_NAME868,CONTACT_INFO868,"{868000,2019-10-29 17:52:01,{country868,2604000}}"
869,PNR_NAME869,CONTACT_INFO869,"{869000,2019-10-29 18:52:01,{country869,2607000}}"
870,PNR_NAME870,CONTACT_INFO870,"{870000,2019-10-29 19:52:01,{country870,2610000}}"
871,PNR_NAME871,CONTACT_INFO871,"{871000,2019-10-29 20:52:01,{country871,2613000}}"
872,PNR_NAME872,CONTACT_INFO872,"{872000,2019-10-29 21:52:01,{country872,2616000}}"
873,PNR_NAME873,CONTACT_INFO873,"{873000,2019-10-29 22:52:01,{country873,2619000}}"
874,PNR_NAME874,CONTACT_INFO874,"{874000,2019-10-29 23:52:01,{country874,2622000}}"
875,PNR_NAME875,CONTACT_INFO875,"{875000,2019-10-30 00:52:01,{country875,2625000}}"
876,PNR_NAME876,CONTACT_INFO876,"{876000,2019-10-30 01:52:01,{country876,2628000}}"
877,PNR_NAME877,CONTACT_INFO877,"{877000,2019-10-30 02:52:01,{country877,2631000}}"
878,PNR_NAME878,CONTACT_INFO878,"{878000,2019-10-30 03:52:01,{country878,2634000}}"
879,PNR_NAME879,CONTACT_INFO879,"{879000,2019-10-30 04:52:01,{country879,2637000}}"
880,PNR_NAME880,CONTACT_INFO880,"{880000,2019-10-30 05:52:01,{country880,2640000}}"
881,PNR_NAME881,CONTACT_INFO881,"{881000,2019-10-30 06:52:01,{country881,2643000}}"
882,PNR_NAME882,CONTACT_INFO882,"{882000,2019-10-30 07:52:01,{country882,2646000}}"
883,PNR_NAME883,CONTACT_INFO883,"{883000,2019-10-30 08:52:01,{country883,2649000}}"
884,PNR_NAME884,CONTACT_INFO884,"{884000,2019-10-30 09:52:01,{country884,2652000}}"
885,PNR_NAME885,CONTACT_INFO885,"{885000,2019-10-30 10:52:01,{country885,2655000}}"
886,PNR_NAME886,CONTACT_INFO886,"{886000,2019-10-30 11:52:01,{country886,2658000}}"
887,PNR_NAME887,CONTACT_INFO887,"{887000,2019-10-30 12:52:01,{country887,2661000}}"
888,PNR_NAME888,CONTACT_INFO888,"{888000,2019-10-30 13:52:01,{country888,2664000}}"
889,PNR_NAME889,CONTACT_INFO889,"{889000,2019-10-30 14:52:01,{country889,2667000}}"
890,PNR_NAME890,CONTACT_INFO890,"{890000,2019-10-30 15:52:01,{country890,2670000}}"
891,PNR_NAME891,CONTACT_INFO891,"{891000,2019-10-30 16:52:01,{country891,2673000}}"
892,PNR_NAME892,CONTACT_INFO892,"{892000,2019-10-30 17:52:01,{country892,2676000}}"
893,PNR_NAME893,CONTACT_INFO893,"{893000,2019-10-30 18:52:01,{country893,2679000}}"
894,PNR_NAME894,CONTACT_INFO894,"{894000,2019-10-30 19:52:01,{country894,2682000}}"
895,PNR_NAME895,CONTACT_INFO895,"{895000,2019-10-30 20:52:01,{country895,2685000}}"
896,PNR_NAME896,CONTACT_INFO896,"{896000,2019-10-30 21:52:01,{country896,2688000}}"
897,PNR_NAME897,CONTACT_INFO897,"{897000,2019-10-30 22:52:01,{country897,2691000}}"
898,PNR_NAME898,CONTACT_INFO898,"{898000,2019-10-30 23:52:01,{country898,2694000}}"
899,PNR_NAME899,CONTACT_INFO899,"{899000,2019-10-31 00:52:01,{country899,2697000}}"
900,PNR_NAME900,CONTACT_INFO900,"{900000,2019-10-31 01:52:01,{country900,2700000}}"
901,PNR_NAME901,CONTACT_INFO901,"{901000,2019-10-31 02:52:01,{country901,2703000}}"
902,PNR_NAME902,CONTACT_INFO902,"{902000,2019-10-31 03:52:01,{country902,2706000}}"
903,PNR_NAME903,CONTACT_INFO903,"{903000,2019-10-31 04:52:01,{country903,2709000}}"
904,PNR_NAME904,CONTACT_INFO904,"{904000,2019-10-31 05:52:01,{country904,2712000}}"
905,PNR_NAME905,CONTACT_INFO905,"{905000,2019-10-31 06:52:01,{country905,2715000}}"
906,PNR_NAME906,CONTACT_INFO906,"{906000,2019-10-31 07:52:01,{country906,2718000}}"
907,PNR_NAME907,CONTACT_INFO907,"{907000,2019-10-31 08:52:01,{country907,2721000}}"
908,PNR_NAME908,CONTACT_INFO908,"{908000,2019-10-31 09:52:01,{country908,2724000}}"
909,PNR_NAME909,CONTACT_INFO909,"{909000,2019-10-31 10:52:01,{country909,2727000}}"
910,PNR_NAME910,CONTACT_INFO910,"{910000,2019-10-31 11:52:01,{country910,2730000}}"
911,PNR_NAME911,CONTACT_INFO911,"{911000,2019-10-31 12:52:01,{country911,2733000}}"
912,PNR_NAME912,CONTACT_INFO912,"{912000,2019-10-31 13:52:01,{country912,2736000}}"
913,PNR_NAME913,CONTACT_INFO913,"{913000,2019-10-31 14:52:01,{country913,2739000}}"
914,PNR_NAME914,CONTACT_INFO914,"{914000,2019-10-31 15:52:01,{country914,2742000}}"
915,PNR_NAME915,CONTACT_INFO915,"{915000,2019-10-31 16:52:01,{country915,2745000}}"
916,PNR_NAME916,CONTACT_INFO916,"{916000,2019-10-31 17:52:01,{country916,2748000}}"
917,PNR_NAME917,CONTACT_INFO917,"{917000,2019-10-31 18:52:01,{country917,2751000}}"
918,PNR_NAME918,CONTACT_INFO918,"{918000,2019-10-31 19:52:01,{country918,2754000}}"
919,PNR_NAME919,CONTACT_INFO919,"{919000,2019-10-31 20:52:01,{country919,2757000}}"
920,PNR_NAME920,CONTACT_INFO920,"{920000,2019-10-31 21:52:01,{country920,2760000}}"
921,PNR_NAME921,CONTACT_INFO921,"{921000,2019-10-31 22:52:01,{country921,2763000}}"
922,PNR_NAME922,CONTACT_INFO922,"{922000,2019-10-31 23:52:01,{country922,2766000}}"
923,PNR_NAME923,CONTACT_INFO923,"{923000,2019-11-01 00:52:01,{country923,2769000}}"
924,PNR_NAME924,CONTACT_INFO924,"{924000,2019-11-01 01:52:01,{country924,2772000}}"
925,PNR_NAME925,CONTACT_INFO925,"{925000,2019-11-01 02:52:01,{country925,2775000}}"
926,PNR_NAME926,CONTACT_INFO926,"{926000,2019-11-01 03:52:01,{country926,2778000}}"
927,PNR_NAME927,CONTACT_INFO927,"{927000,2019-11-01 04:52:01,{country927,2781000}}"
928,PNR_NAME928,CONTACT_INFO928,"{928000,2019-11-01 05:52:01,{country928,2784000}}"
929,PNR_NAME929,CONTACT_INFO929,"{929000,2019-11-01 06:52:01,{country929,2787000}}"
930,PNR_NAME930,CONTACT_INFO930,"{930000,2019-11-01 07:52:01,{country930,2790000}}"
931,PNR_NAME931,CONTACT_INFO931,"{931000,2019-11-01 08:52:01,{country931,2793000}}"
932,PNR_NAME932,CONTACT_INFO932,"{932000,2019-11-01 09:52:01,{country932,2796000}}"
933,PNR_NAME933,CONTACT_INFO933,"{933000,2019-11-01 10:52:01,{country933,2799000}}"
934,PNR_NAME934,CONTACT_INFO934,"{934000,2019-11-01 11:52:01,{country934,2802000}}"
935,PNR_NAME935,CONTACT_INFO935,"{935000,2019-11-01 12:52:01,{country935,2805000}}"
936,PNR_NAME936,CONTACT_INFO936,"{936000,2019-11-01 13:52:01,{country936,2808000}}"
937,PNR_NAME937,CONTACT_INFO937,"{937000,2019-11-01 14:52:01,{country937,2811000}}"
938,PNR_NAME938,CONTACT_INFO938,"{938000,2019-11-01 15:52:01,{country938,2814000}}"
939,PNR_NAME939,CONTACT_INFO939,"{939000,2019-11-01 16:52:01,{country939,2817000}}"
940,PNR_NAME940,CONTACT_INFO940,"{940000,2019-11-01 17:52:01,{country940,2820000}}"
941,PNR_NAME941,CONTACT_INFO941,"{941000,2019-11-01 18:52:01,{country941,2823000}}"
942,PNR_NAME942,CONTACT_INFO942,"{942000,2019-11-01 19:52:01,{country942,2826000}}"
943,PNR_NAME943,CONTACT_INFO943,"{943000,2019-11-01 20:52:01,{country943,2829000}}"
944,PNR_NAME944,CONTACT_INFO944,"{944000,2019-11-01 21:52:01,{country944,2832000}}"
945,PNR_NAME945,CONTACT_INFO945,"{945000,2019-11-01 22:52:01,{country945,2835000}}"
946,PNR_NAME946,CONTACT_INFO946,"{946000,2019-11-01 23:52:01,{country946,2838000}}"
947,PNR_NAME947,CONTACT_INFO947,"{947000,2019-11-02 00:52:01,{country947,2841000}}"
948,PNR_NAME948,CONTACT_INFO948,"{948000,2019-11-02 01:52:01,{country948,2844000}}"
949,PNR_NAME949,CONTACT_INFO949,"{949000,2019-11-02 02:52:01,{country949,2847000}}"
950,PNR_NAME950,CONTACT_INFO950,"{950000,2019-11-02 03:52:01,{country950,2850000}}"
951,PNR_NAME951,CONTACT_INFO951,"{951000,2019-11-02 04:52:01,{country951,2853000}}"
952,PNR_NAME952,CONTACT_INFO952,"{952000,2019-11-02 05:52:01,{country952,2856000}}"
953,PNR_NAME953,CONTACT_INFO953,"{953000,2019-11-02 06:52:01,{country953,2859000}}"
954,PNR_NAME954,CONTACT_INFO954,"{954000,2019-11-02 07:52:01,{country954,2862000}}"
955,PNR_NAME955,CONTACT_INFO955,"{955000,2019-11-02 08:52:01,{country955,2865000}}"
956,PNR_NAME956,CONTACT_INFO956,"{956000,2019-11-02 09:52:01,{country956,2868000}}"
957,PNR_NAME957,CONTACT_INFO957,"{957000,2019-11-02 10:52:01,{country957,2871000}}"
958,PNR_NAME958,CONTACT_INFO958,"{958000,2019-11-02 11:52:01,{country958,2874000}}"
959,PNR_NAME959,CONTACT_INFO959,"{959000,2019-11-02 12:52:01,{country959,2877000}}"
960,PNR_NAME960,CONTACT_INFO960,"{960000,2019-11-02 13:52:01,{country960,2880000}}"
961,PNR_NAME961,CONTACT_INFO961,"{961000,2019-11-02 14:52:01,{country961,2883000}}"
962,PNR_NAME962,CONTACT_INFO962,"{962000,2019-11-02 15:52:01,{country962,2886000}}"
963,PNR_NAME963,CONTACT_INFO963,"{963000,2019-11-02 16:52:01,{country963,2889000}}"
964,PNR_NAME964,CONTACT_INFO964,"{964000,2019-11-02 17:52:01,{country964,2892000}}"
965,PNR_NAME965,CONTACT_INFO965,"{965000,2019-11-02 18:52:01,{country965,2895000}}"
966,PNR_NAME966,CONTACT_INFO966,"{966000,2019-11-02 19:52:01,{country966,2898000}}"
967,PNR_NAME967,CONTACT_INFO967,"{967000,2019-11-02 20:52:01,{country967,2901000}}"
968,PNR_NAME968,CONTACT_INFO968,"{968000,2019-11-02 21:52:01,{country968,2904000}}"
969,PNR_NAME969,CONTACT_INFO969,"{969000,2019-11-02 22:52:01,{country969,2907000}}"
970,PNR_NAME970,CONTACT_INFO970,"{970000,2019-11-02 23:52:01,{country970,2910000}}"
971,PNR_NAME971,CONTACT_INFO971,"{971000,2019-11-03 00:52:01,{country971,2913000}}"
972,PNR_NAME972,CONTACT_INFO972,"{972000,2019-11-03 01:52:01,{country972,2916000}}"
973,PNR_NAME973,CONTACT_INFO973,"{973000,2019-11-03 02:52:01,{country973,2919000}}"
974,PNR_NAME974,CONTACT_INFO974,"{974000,2019-11-03 03:52:01,{country974,2922000}}"
975,PNR_NAME975,CONTACT_INFO975,"{975000,2019-11-03 04:52:01,{country975,2925000}}"
976,PNR_NAME976,CONTACT_INFO976,"{976000,2019-11-03 05:52:01,{country976,2928000}}"
977,PNR_NAME977,CONTACT_INFO977,"{977000,2019-11-03 06:52:01,{country977,2931000}}"
978,PNR_NAME978,CONTACT_INFO978,"{978000,2019-11-03 07:52:01,{country978,2934000}}"
979,PNR_NAME979,CONTACT_INFO979,"{979000,2019-11-03 08:52:01,{country979,2937000}}"
980,PNR_NAME980,CONTACT_INFO980,"{980000,2019-11-03 09:52:01,{country980,2940000}}"
981,PNR_NAME981,CONTACT_INFO981,"{981000,2019-11-03 10:52:01,{country981,2943000}}"
982,PNR_NAME982,CONTACT_INFO982,"{982000,2019-11-03 11:52:01,{country982,2946000}}"
983,PNR_NAME983,CONTACT_INFO983,"{983000,2019-11-03 12:52:01,{country983,2949000}}"
984,PNR_NAME984,CONTACT_INFO984,"{984000,2019-11-03 13:52:01,{country984,2952000}}"
985,PNR_NAME985,CONTACT_INFO985,"{985000,2019-11-03 14:52:01,{country985,2955000}}"
986,PNR_NAME986,CONTACT_INFO986,"{986000,2019-11-03 15:52:01,{country986,2958000}}"
987,PNR_NAME987,CONTACT_INFO987,"{987000,2019-11-03 16:52:01,{country987,2961000}}"
988,PNR_NAME988,CONTACT_INFO988,"{988000,2019-11-03 17:52:01,{country988,2964000}}"
989,PNR_NAME989,CONTACT_INFO989,"{989000,2019-11-03 18:52:01,{country989,2967000}}"
990,PNR_NAME990,CONTACT_INFO990,"{990000,2019-11-03 19:52:01,{country990,2970000}}"
991,PNR_NAME991,CONTACT_INFO991,"{991000,2019-11-03 20:52:01,{country991,2973000}}"
992,PNR_NAME992,CONTACT_INFO992,"{992000,2019-11-03 21:52:01,{country992,2976000}}"
993,PNR_NAME993,CONTACT_INFO993,"{993000,2019-11-03 22:52:01,{country993,2979000}}"
994,PNR_NAME994,CONTACT_INFO994,"{994000,2019-11-03 23:52:01,{country994,2982000}}"
995,PNR_NAME995,CONTACT_INFO995,"{995000,2019-11-04 00:52:01,{country995,2985000}}"
996,PNR_NAME996,CONTACT_INFO996,"{996000,2019-11-04 01:52:01,{country996,2988000}}"
997,PNR_NAME997,CONTACT_INFO997,"{997000,2019-11-04 02:52:01,{country997,2991000}}"
998,PNR_NAME998,CONTACT_INFO998,"{998000,2019-11-04 03:52:01,{country998,2994000}}"
999,PNR_NAME999,CONTACT_INFO999,"{999000,2019-11-04 04:52:01,{country999,2997000}}"
