378,378,378,"{378000,756000,{country378,1134000}}"
379,379,379,"{379000,758000,{country379,1137000}}"
380,380,380,"{380000,760000,{country380,1140000}}"
381,381,381,"{381000,762000,{country381,1143000}}"
382,382,382,"{382000,764000,{country382,1146000}}"
383,383,383,"{383000,766000,{country383,1149000}}"
384,384,384,"{384000,768000,{country384,1152000}}"
385,385,385,"{385000,770000,{country385,1155000}}"
386,386,386,"{386000,772000,{country386,1158000}}"
387,387,387,"{387000,774000,{country387,1161000}}"
388,388,388,"{388000,776000,{country388,1164000}}"
389,389,389,"{389000,778000,{country389,1167000}}"
390,390,390,"{390000,780000,{country390,1170000}}"
391,391,391,"{391000,782000,{country391,1173000}}"
392,392,392,"{392000,784000,{country392,1176000}}"
393,393,393,"{393000,786000,{country393,1179000}}"
394,394,394,"{394000,788000,{country394,1182000}}"
395,395,395,"{395000,790000,{country395,1185000}}"
396,396,396,"{396000,792000,{country396,1188000}}"
397,397,397,"{397000,794000,{country397,1191000}}"
398,398,398,"{398000,796000,{country398,1194000}}"
399,399,399,"{399000,798000,{country399,1197000}}"
400,400,400,"{400000,800000,{country400,1200000}}"
401,401,401,"{401000,802000,{country401,1203000}}"
402,402,402,"{402000,804000,{country402,1206000}}"
403,403,403,"{403000,806000,{country403,1209000}}"
404,404,404,"{404000,808000,{country404,1212000}}"
405,405,405,"{405000,810000,{country405,1215000}}"
406,406,406,"{406000,812000,{country406,1218000}}"
407,407,407,"{407000,814000,{country407,1221000}}"
408,408,408,"{408000,816000,{country408,1224000}}"
409,409,409,"{409000,818000,{country409,1227000}}"
410,410,410,"{410000,820000,{country410,1230000}}"
411,411,411,"{411000,822000,{country411,1233000}}"
412,412,412,"{412000,824000,{country412,1236000}}"
413,413,413,"{413000,826000,{country413,1239000}}"
414,414,414,"{414000,828000,{country414,1242000}}"
415,415,415,"{415000,830000,{country415,1245000}}"
416,416,416,"{416000,832000,{country416,1248000}}"
417,417,417,"{417000,834000,{country417,1251000}}"
418,418,418,"{418000,836000,{country418,1254000}}"
419,419,419,"{419000,838000,{country419,1257000}}"
420,420,420,"{420000,840000,{country420,1260000}}"
421,421,421,"{421000,842000,{country421,1263000}}"
422,422,422,"{422000,844000,{country422,1266000}}"
423,423,423,"{423000,846000,{country423,1269000}}"
424,424,424,"{424000,848000,{country424,1272000}}"
425,425,425,"{425000,850000,{country425,1275000}}"
426,426,426,"{426000,852000,{country426,1278000}}"
427,427,427,"{427000,854000,{country427,1281000}}"
428,428,428,"{428000,856000,{country428,1284000}}"
429,429,429,"{429000,858000,{country429,1287000}}"
430,430,430,"{430000,860000,{country430,1290000}}"
431,431,431,"{431000,862000,{country431,1293000}}"
432,432,432,"{432000,864000,{country432,1296000}}"
433,433,433,"{433000,866000,{country433,1299000}}"
434,434,434,"{434000,868000,{country434,1302000}}"
435,435,435,"{435000,870000,{country435,1305000}}"
436,436,436,"{436000,872000,{country436,1308000}}"
437,437,437,"{437000,874000,{country437,1311000}}"
438,438,438,"{438000,876000,{country438,1314000}}"
439,439,439,"{439000,878000,{country439,1317000}}"
440,440,440,"{440000,880000,{country440,1320000}}"
441,441,441,"{441000,882000,{country441,1323000}}"
442,442,442,"{442000,884000,{country442,1326000}}"
443,443,443,"{443000,886000,{country443,1329000}}"
444,444,444,"{444000,888000,{country444,1332000}}"
445,445,445,"{445000,890000,{country445,1335000}}"
446,446,446,"{446000,892000,{country446,1338000}}"
447,447,447,"{447000,894000,{country447,1341000}}"
448,448,448,"{448000,896000,{country448,1344000}}"
449,449,449,"{449000,898000,{country449,1347000}}"
450,450,450,"{450000,900000,{country450,1350000}}"
451,451,451,"{451000,902000,{country451,1353000}}"
452,452,452,"{452000,904000,{country452,1356000}}"
453,453,453,"{453000,906000,{country453,1359000}}"
454,454,454,"{454000,908000,{country454,1362000}}"
455,455,455,"{455000,910000,{country455,1365000}}"
456,456,456,"{456000,912000,{country456,1368000}}"
457,457,457,"{457000,914000,{country457,1371000}}"
458,458,458,"{458000,916000,{country458,1374000}}"
459,459,459,"{459000,918000,{country459,1377000}}"
460,460,460,"{460000,920000,{country460,1380000}}"
461,461,461,"{461000,922000,{country461,1383000}}"
462,462,462,"{462000,924000,{country462,1386000}}"
463,463,463,"{463000,926000,{country463,1389000}}"
464,464,464,"{464000,928000,{country464,1392000}}"
465,465,465,"{465000,930000,{country465,1395000}}"
466,466,466,"{466000,932000,{country466,1398000}}"
467,467,467,"{467000,934000,{country467,1401000}}"
468,468,468,"{468000,936000,{country468,1404000}}"
469,469,469,"{469000,938000,{country469,1407000}}"
470,470,470,"{470000,940000,{country470,1410000}}"
471,471,471,"{471000,942000,{country471,1413000}}"
472,472,472,"{472000,944000,{country472,1416000}}"
473,473,473,"{473000,946000,{country473,1419000}}"
474,474,474,"{474000,948000,{country474,1422000}}"
475,475,475,"{475000,950000,{country475,1425000}}"
476,476,476,"{476000,952000,{country476,1428000}}"
477,477,477,"{477000,954000,{country477,1431000}}"
478,478,478,"{478000,956000,{country478,1434000}}"
479,479,479,"{479000,958000,{country479,1437000}}"
480,480,480,"{480000,960000,{country480,1440000}}"
481,481,481,"{481000,962000,{country481,1443000}}"
482,482,482,"{482000,964000,{country482,1446000}}"
483,483,483,"{483000,966000,{country483,1449000}}"
484,484,484,"{484000,968000,{country484,1452000}}"
485,485,485,"{485000,970000,{country485,1455000}}"
486,486,486,"{486000,972000,{country486,1458000}}"
487,487,487,"{487000,974000,{country487,1461000}}"
488,488,488,"{488000,976000,{country488,1464000}}"
489,489,489,"{489000,978000,{country489,1467000}}"
490,490,490,"{490000,980000,{country490,1470000}}"
491,491,491,"{491000,982000,{country491,1473000}}"
492,492,492,"{492000,984000,{country492,1476000}}"
493,493,493,"{493000,986000,{country493,1479000}}"
494,494,494,"{494000,988000,{country494,1482000}}"
495,495,495,"{495000,990000,{country495,1485000}}"
496,496,496,"{496000,992000,{country496,1488000}}"
497,497,497,"{497000,994000,{country497,1491000}}"
498,498,498,"{498000,996000,{country498,1494000}}"
499,499,499,"{499000,998000,{country499,1497000}}"
500,500,500,"{500000,1000000,{country500,1500000}}"
501,501,501,"{501000,1002000,{country501,1503000}}"
502,502,502,"{502000,1004000,{country502,1506000}}"
503,503,503,"{503000,1006000,{country503,1509000}}"
504,504,504,"{504000,1008000,{country504,1512000}}"
505,505,505,"{505000,1010000,{country505,1515000}}"
506,506,506,"{506000,1012000,{country506,1518000}}"
507,507,507,"{507000,1014000,{country507,1521000}}"
508,508,508,"{508000,1016000,{country508,1524000}}"
509,509,509,"{509000,1018000,{country509,1527000}}"
510,510,510,"{510000,1020000,{country510,1530000}}"
511,511,511,"{511000,1022000,{country511,1533000}}"
512,512,512,"{512000,1024000,{country512,1536000}}"
513,513,513,"{513000,1026000,{country513,1539000}}"
514,514,514,"{514000,1028000,{country514,1542000}}"
515,515,515,"{515000,1030000,{country515,1545000}}"
516,516,516,"{516000,1032000,{country516,1548000}}"
517,517,517,"{517000,1034000,{country517,1551000}}"
518,518,518,"{518000,1036000,{country518,1554000}}"
519,519,519,"{519000,1038000,{country519,1557000}}"
520,520,520,"{520000,1040000,{country520,1560000}}"
521,521,521,"{521000,1042000,{country521,1563000}}"
522,522,522,"{522000,1044000,{country522,1566000}}"
523,523,523,"{523000,1046000,{country523,1569000}}"
524,524,524,"{524000,1048000,{country524,1572000}}"
525,525,525,"{525000,1050000,{country525,1575000}}"
526,526,526,"{526000,1052000,{country526,1578000}}"
527,527,527,"{527000,1054000,{country527,1581000}}"
528,528,528,"{528000,1056000,{country528,1584000}}"
529,529,529,"{529000,1058000,{country529,1587000}}"
530,530,530,"{530000,1060000,{country530,1590000}}"
531,531,531,"{531000,1062000,{country531,1593000}}"
532,532,532,"{532000,1064000,{country532,1596000}}"
533,533,533,"{533000,1066000,{country533,1599000}}"
534,534,534,"{534000,1068000,{country534,1602000}}"
535,535,535,"{535000,1070000,{country535,1605000}}"
536,536,536,"{536000,1072000,{country536,1608000}}"
537,537,537,"{537000,1074000,{country537,1611000}}"
538,538,538,"{538000,1076000,{country538,1614000}}"
539,539,539,"{539000,1078000,{country539,1617000}}"
540,540,540,"{540000,1080000,{country540,1620000}}"
541,541,541,"{541000,1082000,{country541,1623000}}"
542,542,542,"{542000,1084000,{country542,1626000}}"
543,543,543,"{543000,1086000,{country543,1629000}}"
544,544,544,"{544000,1088000,{country544,1632000}}"
545,545,545,"{545000,1090000,{country545,1635000}}"
546,546,546,"{546000,1092000,{country546,1638000}}"
547,547,547,"{547000,1094000,{country547,1641000}}"
548,548,548,"{548000,1096000,{country548,1644000}}"
549,549,549,"{549000,1098000,{country549,1647000}}"
550,550,550,"{550000,1100000,{country550,1650000}}"
551,551,551,"{551000,1102000,{country551,1653000}}"
552,552,552,"{552000,1104000,{country552,1656000}}"
553,553,553,"{553000,1106000,{country553,1659000}}"
554,554,554,"{554000,1108000,{country554,1662000}}"
555,555,555,"{555000,1110000,{country555,1665000}}"
556,556,556,"{556000,1112000,{country556,1668000}}"
557,557,557,"{557000,1114000,{country557,1671000}}"
558,558,558,"{558000,1116000,{country558,1674000}}"
559,559,559,"{559000,1118000,{country559,1677000}}"
560,560,560,"{560000,1120000,{country560,1680000}}"
561,561,561,"{561000,1122000,{country561,1683000}}"
562,562,562,"{562000,1124000,{country562,1686000}}"
563,563,563,"{563000,1126000,{country563,1689000}}"
564,564,564,"{564000,1128000,{country564,1692000}}"
565,565,565,"{565000,1130000,{country565,1695000}}"
566,566,566,"{566000,1132000,{country566,1698000}}"
567,567,567,"{567000,1134000,{country567,1701000}}"
568,568,568,"{568000,1136000,{country568,1704000}}"
569,569,569,"{569000,1138000,{country569,1707000}}"
570,570,570,"{570000,1140000,{country570,1710000}}"
571,571,571,"{571000,1142000,{country571,1713000}}"
572,572,572,"{572000,1144000,{country572,1716000}}"
573,573,573,"{573000,1146000,{country573,1719000}}"
574,574,574,"{574000,1148000,{country574,1722000}}"
575,575,575,"{575000,1150000,{country575,1725000}}"
576,576,576,"{576000,1152000,{country576,1728000}}"
577,577,577,"{577000,1154000,{country577,1731000}}"
578,578,578,"{578000,1156000,{country578,1734000}}"
579,579,579,"{579000,1158000,{country579,1737000}}"
580,580,580,"{580000,1160000,{country580,1740000}}"
581,581,581,"{581000,1162000,{country581,1743000}}"
582,582,582,"{582000,1164000,{country582,1746000}}"
583,583,583,"{583000,1166000,{country583,1749000}}"
584,584,584,"{584000,1168000,{country584,1752000}}"
585,585,585,"{585000,1170000,{country585,1755000}}"
586,586,586,"{586000,1172000,{country586,1758000}}"
587,587,587,"{587000,1174000,{country587,1761000}}"
588,588,588,"{588000,1176000,{country588,1764000}}"
589,589,589,"{589000,1178000,{country589,1767000}}"
590,590,590,"{590000,1180000,{country590,1770000}}"
591,591,591,"{591000,1182000,{country591,1773000}}"
592,592,592,"{592000,1184000,{country592,1776000}}"
593,593,593,"{593000,1186000,{country593,1779000}}"
594,594,594,"{594000,1188000,{country594,1782000}}"
595,595,595,"{595000,1190000,{country595,1785000}}"
596,596,596,"{596000,1192000,{country596,1788000}}"
597,597,597,"{597000,1194000,{country597,1791000}}"
598,598,598,"{598000,1196000,{country598,1794000}}"
599,599,599,"{599000,1198000,{country599,1797000}}"
600,600,600,"{600000,1200000,{country600,1800000}}"
601,601,601,"{601000,1202000,{country601,1803000}}"
602,602,602,"{602000,1204000,{country602,1806000}}"
603,603,603,"{603000,1206000,{country603,1809000}}"
604,604,604,"{604000,1208000,{country604,1812000}}"
605,605,605,"{605000,1210000,{country605,1815000}}"
606,606,606,"{606000,1212000,{country606,1818000}}"
607,607,607,"{607000,1214000,{country607,1821000}}"
608,608,608,"{608000,1216000,{country608,1824000}}"
609,609,609,"{609000,1218000,{country609,1827000}}"
610,610,610,"{610000,1220000,{country610,1830000}}"
611,611,611,"{611000,1222000,{country611,1833000}}"
612,612,612,"{612000,1224000,{country612,1836000}}"
613,613,613,"{613000,1226000,{country613,1839000}}"
614,614,614,"{614000,1228000,{country614,1842000}}"
615,615,615,"{615000,1230000,{country615,1845000}}"
616,616,616,"{616000,1232000,{country616,1848000}}"
617,617,617,"{617000,1234000,{country617,1851000}}"
1,1,1,"{1000,2000,{country1,3000}}"
2,2,2,"{2000,4000,{country2,6000}}"
3,3,3,"{3000,6000,{country3,9000}}"
4,4,4,"{4000,8000,{country4,12000}}"
5,5,5,"{5000,10000,{country5,15000}}"
6,6,6,"{6000,12000,{country6,18000}}"
7,7,7,"{7000,14000,{country7,21000}}"
8,8,8,"{8000,16000,{country8,24000}}"
9,9,9,"{9000,18000,{country9,27000}}"
10,10,10,"{10000,20000,{country10,30000}}"
11,11,11,"{11000,22000,{country11,33000}}"
12,12,12,"{12000,24000,{country12,36000}}"
13,13,13,"{13000,26000,{country13,39000}}"
14,14,14,"{14000,28000,{country14,42000}}"
15,15,15,"{15000,30000,{country15,45000}}"
16,16,16,"{16000,32000,{country16,48000}}"
17,17,17,"{17000,34000,{country17,51000}}"
18,18,18,"{18000,36000,{country18,54000}}"
19,19,19,"{19000,38000,{country19,57000}}"
20,20,20,"{20000,40000,{country20,60000}}"
21,21,21,"{21000,42000,{country21,63000}}"
22,22,22,"{22000,44000,{country22,66000}}"
23,23,23,"{23000,46000,{country23,69000}}"
24,24,24,"{24000,48000,{country24,72000}}"
25,25,25,"{25000,50000,{country25,75000}}"
26,26,26,"{26000,52000,{country26,78000}}"
27,27,27,"{27000,54000,{country27,81000}}"
28,28,28,"{28000,56000,{country28,84000}}"
29,29,29,"{29000,58000,{country29,87000}}"
30,30,30,"{30000,60000,{country30,90000}}"
31,31,31,"{31000,62000,{country31,93000}}"
32,32,32,"{32000,64000,{country32,96000}}"
33,33,33,"{33000,66000,{country33,99000}}"
34,34,34,"{34000,68000,{country34,102000}}"
35,35,35,"{35000,70000,{country35,105000}}"
36,36,36,"{36000,72000,{country36,108000}}"
37,37,37,"{37000,74000,{country37,111000}}"
38,38,38,"{38000,76000,{country38,114000}}"
39,39,39,"{39000,78000,{country39,117000}}"
40,40,40,"{40000,80000,{country40,120000}}"
41,41,41,"{41000,82000,{country41,123000}}"
42,42,42,"{42000,84000,{country42,126000}}"
43,43,43,"{43000,86000,{country43,129000}}"
44,44,44,"{44000,88000,{country44,132000}}"
45,45,45,"{45000,90000,{country45,135000}}"
46,46,46,"{46000,92000,{country46,138000}}"
47,47,47,"{47000,94000,{country47,141000}}"
48,48,48,"{48000,96000,{country48,144000}}"
49,49,49,"{49000,98000,{country49,147000}}"
50,50,50,"{50000,100000,{country50,150000}}"
51,51,51,"{51000,102000,{country51,153000}}"
52,52,52,"{52000,104000,{country52,156000}}"
53,53,53,"{53000,106000,{country53,159000}}"
54,54,54,"{54000,108000,{country54,162000}}"
55,55,55,"{55000,110000,{country55,165000}}"
56,56,56,"{56000,112000,{country56,168000}}"
57,57,57,"{57000,114000,{country57,171000}}"
58,58,58,"{58000,116000,{country58,174000}}"
59,59,59,"{59000,118000,{country59,177000}}"
60,60,60,"{60000,120000,{country60,180000}}"
61,61,61,"{61000,122000,{country61,183000}}"
62,62,62,"{62000,124000,{country62,186000}}"
63,63,63,"{63000,126000,{country63,189000}}"
64,64,64,"{64000,128000,{country64,192000}}"
65,65,65,"{65000,130000,{country65,195000}}"
66,66,66,"{66000,132000,{country66,198000}}"
67,67,67,"{67000,134000,{country67,201000}}"
68,68,68,"{68000,136000,{country68,204000}}"
69,69,69,"{69000,138000,{country69,207000}}"
70,70,70,"{70000,140000,{country70,210000}}"
71,71,71,"{71000,142000,{country71,213000}}"
72,72,72,"{72000,144000,{country72,216000}}"
73,73,73,"{73000,146000,{country73,219000}}"
74,74,74,"{74000,148000,{country74,222000}}"
75,75,75,"{75000,150000,{country75,225000}}"
76,76,76,"{76000,152000,{country76,228000}}"
77,77,77,"{77000,154000,{country77,231000}}"
78,78,78,"{78000,156000,{country78,234000}}"
79,79,79,"{79000,158000,{country79,237000}}"
80,80,80,"{80000,160000,{country80,240000}}"
81,81,81,"{81000,162000,{country81,243000}}"
82,82,82,"{82000,164000,{country82,246000}}"
83,83,83,"{83000,166000,{country83,249000}}"
84,84,84,"{84000,168000,{country84,252000}}"
85,85,85,"{85000,170000,{country85,255000}}"
86,86,86,"{86000,172000,{country86,258000}}"
87,87,87,"{87000,174000,{country87,261000}}"
88,88,88,"{88000,176000,{country88,264000}}"
89,89,89,"{89000,178000,{country89,267000}}"
90,90,90,"{90000,180000,{country90,270000}}"
91,91,91,"{91000,182000,{country91,273000}}"
92,92,92,"{92000,184000,{country92,276000}}"
93,93,93,"{93000,186000,{country93,279000}}"
94,94,94,"{94000,188000,{country94,282000}}"
95,95,95,"{95000,190000,{country95,285000}}"
96,96,96,"{96000,192000,{country96,288000}}"
97,97,97,"{97000,194000,{country97,291000}}"
98,98,98,"{98000,196000,{country98,294000}}"
99,99,99,"{99000,198000,{country99,297000}}"
100,100,100,"{100000,200000,{country100,300000}}"
101,101,101,"{101000,202000,{country101,303000}}"
102,102,102,"{102000,204000,{country102,306000}}"
103,103,103,"{103000,206000,{country103,309000}}"
104,104,104,"{104000,208000,{country104,312000}}"
105,105,105,"{105000,210000,{country105,315000}}"
106,106,106,"{106000,212000,{country106,318000}}"
107,107,107,"{107000,214000,{country107,321000}}"
108,108,108,"{108000,216000,{country108,324000}}"
109,109,109,"{109000,218000,{country109,327000}}"
110,110,110,"{110000,220000,{country110,330000}}"
111,111,111,"{111000,222000,{country111,333000}}"
112,112,112,"{112000,224000,{country112,336000}}"
113,113,113,"{113000,226000,{country113,339000}}"
114,114,114,"{114000,228000,{country114,342000}}"
115,115,115,"{115000,230000,{country115,345000}}"
116,116,116,"{116000,232000,{country116,348000}}"
117,117,117,"{117000,234000,{country117,351000}}"
118,118,118,"{118000,236000,{country118,354000}}"
119,119,119,"{119000,238000,{country119,357000}}"
120,120,120,"{120000,240000,{country120,360000}}"
121,121,121,"{121000,242000,{country121,363000}}"
122,122,122,"{122000,244000,{country122,366000}}"
123,123,123,"{123000,246000,{country123,369000}}"
124,124,124,"{124000,248000,{country124,372000}}"
125,125,125,"{125000,250000,{country125,375000}}"
126,126,126,"{126000,252000,{country126,378000}}"
127,127,127,"{127000,254000,{country127,381000}}"
128,128,128,"{128000,256000,{country128,384000}}"
129,129,129,"{129000,258000,{country129,387000}}"
130,130,130,"{130000,260000,{country130,390000}}"
131,131,131,"{131000,262000,{country131,393000}}"
132,132,132,"{132000,264000,{country132,396000}}"
133,133,133,"{133000,266000,{country133,399000}}"
134,134,134,"{134000,268000,{country134,402000}}"
135,135,135,"{135000,270000,{country135,405000}}"
136,136,136,"{136000,272000,{country136,408000}}"
137,137,137,"{137000,274000,{country137,411000}}"
138,138,138,"{138000,276000,{country138,414000}}"
139,139,139,"{139000,278000,{country139,417000}}"
140,140,140,"{140000,280000,{country140,420000}}"
141,141,141,"{141000,282000,{country141,423000}}"
142,142,142,"{142000,284000,{country142,426000}}"
143,143,143,"{143000,286000,{country143,429000}}"
144,144,144,"{144000,288000,{country144,432000}}"
145,145,145,"{145000,290000,{country145,435000}}"
146,146,146,"{146000,292000,{country146,438000}}"
147,147,147,"{147000,294000,{country147,441000}}"
148,148,148,"{148000,296000,{country148,444000}}"
149,149,149,"{149000,298000,{country149,447000}}"
150,150,150,"{150000,300000,{country150,450000}}"
151,151,151,"{151000,302000,{country151,453000}}"
152,152,152,"{152000,304000,{country152,456000}}"
153,153,153,"{153000,306000,{country153,459000}}"
154,154,154,"{154000,308000,{country154,462000}}"
155,155,155,"{155000,310000,{country155,465000}}"
156,156,156,"{156000,312000,{country156,468000}}"
157,157,157,"{157000,314000,{country157,471000}}"
158,158,158,"{158000,316000,{country158,474000}}"
159,159,159,"{159000,318000,{country159,477000}}"
160,160,160,"{160000,320000,{country160,480000}}"
161,161,161,"{161000,322000,{country161,483000}}"
162,162,162,"{162000,324000,{country162,486000}}"
163,163,163,"{163000,326000,{country163,489000}}"
164,164,164,"{164000,328000,{country164,492000}}"
165,165,165,"{165000,330000,{country165,495000}}"
166,166,166,"{166000,332000,{country166,498000}}"
167,167,167,"{167000,334000,{country167,501000}}"
168,168,168,"{168000,336000,{country168,504000}}"
169,169,169,"{169000,338000,{country169,507000}}"
170,170,170,"{170000,340000,{country170,510000}}"
171,171,171,"{171000,342000,{country171,513000}}"
172,172,172,"{172000,344000,{country172,516000}}"
173,173,173,"{173000,346000,{country173,519000}}"
174,174,174,"{174000,348000,{country174,522000}}"
175,175,175,"{175000,350000,{country175,525000}}"
176,176,176,"{176000,352000,{country176,528000}}"
177,177,177,"{177000,354000,{country177,531000}}"
178,178,178,"{178000,356000,{country178,534000}}"
179,179,179,"{179000,358000,{country179,537000}}"
180,180,180,"{180000,360000,{country180,540000}}"
181,181,181,"{181000,362000,{country181,543000}}"
182,182,182,"{182000,364000,{country182,546000}}"
183,183,183,"{183000,366000,{country183,549000}}"
184,184,184,"{184000,368000,{country184,552000}}"
185,185,185,"{185000,370000,{country185,555000}}"
186,186,186,"{186000,372000,{country186,558000}}"
187,187,187,"{187000,374000,{country187,561000}}"
188,188,188,"{188000,376000,{country188,564000}}"
189,189,189,"{189000,378000,{country189,567000}}"
190,190,190,"{190000,380000,{country190,570000}}"
191,191,191,"{191000,382000,{country191,573000}}"
192,192,192,"{192000,384000,{country192,576000}}"
193,193,193,"{193000,386000,{country193,579000}}"
194,194,194,"{194000,388000,{country194,582000}}"
195,195,195,"{195000,390000,{country195,585000}}"
196,196,196,"{196000,392000,{country196,588000}}"
197,197,197,"{197000,394000,{country197,591000}}"
198,198,198,"{198000,396000,{country198,594000}}"
199,199,199,"{199000,398000,{country199,597000}}"
200,200,200,"{200000,400000,{country200,600000}}"
201,201,201,"{201000,402000,{country201,603000}}"
202,202,202,"{202000,404000,{country202,606000}}"
203,203,203,"{203000,406000,{country203,609000}}"
204,204,204,"{204000,408000,{country204,612000}}"
205,205,205,"{205000,410000,{country205,615000}}"
206,206,206,"{206000,412000,{country206,618000}}"
207,207,207,"{207000,414000,{country207,621000}}"
208,208,208,"{208000,416000,{country208,624000}}"
209,209,209,"{209000,418000,{country209,627000}}"
210,210,210,"{210000,420000,{country210,630000}}"
211,211,211,"{211000,422000,{country211,633000}}"
212,212,212,"{212000,424000,{country212,636000}}"
213,213,213,"{213000,426000,{country213,639000}}"
214,214,214,"{214000,428000,{country214,642000}}"
215,215,215,"{215000,430000,{country215,645000}}"
216,216,216,"{216000,432000,{country216,648000}}"
217,217,217,"{217000,434000,{country217,651000}}"
218,218,218,"{218000,436000,{country218,654000}}"
219,219,219,"{219000,438000,{country219,657000}}"
220,220,220,"{220000,440000,{country220,660000}}"
221,221,221,"{221000,442000,{country221,663000}}"
222,222,222,"{222000,444000,{country222,666000}}"
223,223,223,"{223000,446000,{country223,669000}}"
224,224,224,"{224000,448000,{country224,672000}}"
225,225,225,"{225000,450000,{country225,675000}}"
226,226,226,"{226000,452000,{country226,678000}}"
227,227,227,"{227000,454000,{country227,681000}}"
228,228,228,"{228000,456000,{country228,684000}}"
229,229,229,"{229000,458000,{country229,687000}}"
230,230,230,"{230000,460000,{country230,690000}}"
231,231,231,"{231000,462000,{country231,693000}}"
232,232,232,"{232000,464000,{country232,696000}}"
233,233,233,"{233000,466000,{country233,699000}}"
234,234,234,"{234000,468000,{country234,702000}}"
235,235,235,"{235000,470000,{country235,705000}}"
236,236,236,"{236000,472000,{country236,708000}}"
237,237,237,"{237000,474000,{country237,711000}}"
238,238,238,"{238000,476000,{country238,714000}}"
239,239,239,"{239000,478000,{country239,717000}}"
240,240,240,"{240000,480000,{country240,720000}}"
241,241,241,"{241000,482000,{country241,723000}}"
242,242,242,"{242000,484000,{country242,726000}}"
243,243,243,"{243000,486000,{country243,729000}}"
244,244,244,"{244000,488000,{country244,732000}}"
245,245,245,"{245000,490000,{country245,735000}}"
246,246,246,"{246000,492000,{country246,738000}}"
247,247,247,"{247000,494000,{country247,741000}}"
248,248,248,"{248000,496000,{country248,744000}}"
249,249,249,"{249000,498000,{country249,747000}}"
250,250,250,"{250000,500000,{country250,750000}}"
251,251,251,"{251000,502000,{country251,753000}}"
252,252,252,"{252000,504000,{country252,756000}}"
253,253,253,"{253000,506000,{country253,759000}}"
254,254,254,"{254000,508000,{country254,762000}}"
255,255,255,"{255000,510000,{country255,765000}}"
256,256,256,"{256000,512000,{country256,768000}}"
257,257,257,"{257000,514000,{country257,771000}}"
258,258,258,"{258000,516000,{country258,774000}}"
259,259,259,"{259000,518000,{country259,777000}}"
260,260,260,"{260000,520000,{country260,780000}}"
261,261,261,"{261000,522000,{country261,783000}}"
262,262,262,"{262000,524000,{country262,786000}}"
263,263,263,"{263000,526000,{country263,789000}}"
264,264,264,"{264000,528000,{country264,792000}}"
265,265,265,"{265000,530000,{country265,795000}}"
266,266,266,"{266000,532000,{country266,798000}}"
267,267,267,"{267000,534000,{country267,801000}}"
268,268,268,"{268000,536000,{country268,804000}}"
269,269,269,"{269000,538000,{country269,807000}}"
270,270,270,"{270000,540000,{country270,810000}}"
271,271,271,"{271000,542000,{country271,813000}}"
272,272,272,"{272000,544000,{country272,816000}}"
273,273,273,"{273000,546000,{country273,819000}}"
274,274,274,"{274000,548000,{country274,822000}}"
275,275,275,"{275000,550000,{country275,825000}}"
276,276,276,"{276000,552000,{country276,828000}}"
277,277,277,"{277000,554000,{country277,831000}}"
278,278,278,"{278000,556000,{country278,834000}}"
279,279,279,"{279000,558000,{country279,837000}}"
280,280,280,"{280000,560000,{country280,840000}}"
281,281,281,"{281000,562000,{country281,843000}}"
282,282,282,"{282000,564000,{country282,846000}}"
283,283,283,"{283000,566000,{country283,849000}}"
284,284,284,"{284000,568000,{country284,852000}}"
285,285,285,"{285000,570000,{country285,855000}}"
286,286,286,"{286000,572000,{country286,858000}}"
287,287,287,"{287000,574000,{country287,861000}}"
288,288,288,"{288000,576000,{country288,864000}}"
289,289,289,"{289000,578000,{country289,867000}}"
290,290,290,"{290000,580000,{country290,870000}}"
291,291,291,"{291000,582000,{country291,873000}}"
292,292,292,"{292000,584000,{country292,876000}}"
293,293,293,"{293000,586000,{country293,879000}}"
294,294,294,"{294000,588000,{country294,882000}}"
295,295,295,"{295000,590000,{country295,885000}}"
296,296,296,"{296000,592000,{country296,888000}}"
297,297,297,"{297000,594000,{country297,891000}}"
298,298,298,"{298000,596000,{country298,894000}}"
299,299,299,"{299000,598000,{country299,897000}}"
300,300,300,"{300000,600000,{country300,900000}}"
301,301,301,"{301000,602000,{country301,903000}}"
302,302,302,"{302000,604000,{country302,906000}}"
303,303,303,"{303000,606000,{country303,909000}}"
304,304,304,"{304000,608000,{country304,912000}}"
305,305,305,"{305000,610000,{country305,915000}}"
306,306,306,"{306000,612000,{country306,918000}}"
307,307,307,"{307000,614000,{country307,921000}}"
308,308,308,"{308000,616000,{country308,924000}}"
309,309,309,"{309000,618000,{country309,927000}}"
310,310,310,"{310000,620000,{country310,930000}}"
311,311,311,"{311000,622000,{country311,933000}}"
312,312,312,"{312000,624000,{country312,936000}}"
313,313,313,"{313000,626000,{country313,939000}}"
314,314,314,"{314000,628000,{country314,942000}}"
315,315,315,"{315000,630000,{country315,945000}}"
316,316,316,"{316000,632000,{country316,948000}}"
317,317,317,"{317000,634000,{country317,951000}}"
318,318,318,"{318000,636000,{country318,954000}}"
319,319,319,"{319000,638000,{country319,957000}}"
320,320,320,"{320000,640000,{country320,960000}}"
321,321,321,"{321000,642000,{country321,963000}}"
322,322,322,"{322000,644000,{country322,966000}}"
323,323,323,"{323000,646000,{country323,969000}}"
324,324,324,"{324000,648000,{country324,972000}}"
325,325,325,"{325000,650000,{country325,975000}}"
326,326,326,"{326000,652000,{country326,978000}}"
327,327,327,"{327000,654000,{country327,981000}}"
328,328,328,"{328000,656000,{country328,984000}}"
329,329,329,"{329000,658000,{country329,987000}}"
330,330,330,"{330000,660000,{country330,990000}}"
331,331,331,"{331000,662000,{country331,993000}}"
332,332,332,"{332000,664000,{country332,996000}}"
333,333,333,"{333000,666000,{country333,999000}}"
334,334,334,"{334000,668000,{country334,1002000}}"
335,335,335,"{335000,670000,{country335,1005000}}"
336,336,336,"{336000,672000,{country336,1008000}}"
337,337,337,"{337000,674000,{country337,1011000}}"
338,338,338,"{338000,676000,{country338,1014000}}"
339,339,339,"{339000,678000,{country339,1017000}}"
340,340,340,"{340000,680000,{country340,1020000}}"
341,341,341,"{341000,682000,{country341,1023000}}"
342,342,342,"{342000,684000,{country342,1026000}}"
343,343,343,"{343000,686000,{country343,1029000}}"
344,344,344,"{344000,688000,{country344,1032000}}"
345,345,345,"{345000,690000,{country345,1035000}}"
346,346,346,"{346000,692000,{country346,1038000}}"
347,347,347,"{347000,694000,{country347,1041000}}"
348,348,348,"{348000,696000,{country348,1044000}}"
349,349,349,"{349000,698000,{country349,1047000}}"
350,350,350,"{350000,700000,{country350,1050000}}"
351,351,351,"{351000,702000,{country351,1053000}}"
352,352,352,"{352000,704000,{country352,1056000}}"
353,353,353,"{353000,706000,{country353,1059000}}"
354,354,354,"{354000,708000,{country354,1062000}}"
355,355,355,"{355000,710000,{country355,1065000}}"
356,356,356,"{356000,712000,{country356,1068000}}"
357,357,357,"{357000,714000,{country357,1071000}}"
358,358,358,"{358000,716000,{country358,1074000}}"
359,359,359,"{359000,718000,{country359,1077000}}"
360,360,360,"{360000,720000,{country360,1080000}}"
361,361,361,"{361000,722000,{country361,1083000}}"
362,362,362,"{362000,724000,{country362,1086000}}"
363,363,363,"{363000,726000,{country363,1089000}}"
364,364,364,"{364000,728000,{country364,1092000}}"
365,365,365,"{365000,730000,{country365,1095000}}"
366,366,366,"{366000,732000,{country366,1098000}}"
367,367,367,"{367000,734000,{country367,1101000}}"
368,368,368,"{368000,736000,{country368,1104000}}"
369,369,369,"{369000,738000,{country369,1107000}}"
370,370,370,"{370000,740000,{country370,1110000}}"
371,371,371,"{371000,742000,{country371,1113000}}"
372,372,372,"{372000,744000,{country372,1116000}}"
373,373,373,"{373000,746000,{country373,1119000}}"
374,374,374,"{374000,748000,{country374,1122000}}"
375,375,375,"{375000,750000,{country375,1125000}}"
376,376,376,"{376000,752000,{country376,1128000}}"
377,377,377,"{377000,754000,{country377,1131000}}"
618,618,618,"{618000,1236000,{country618,1854000}}"
619,619,619,"{619000,1238000,{country619,1857000}}"
620,620,620,"{620000,1240000,{country620,1860000}}"
621,621,621,"{621000,1242000,{country621,1863000}}"
622,622,622,"{622000,1244000,{country622,1866000}}"
623,623,623,"{623000,1246000,{country623,1869000}}"
624,624,624,"{624000,1248000,{country624,1872000}}"
625,625,625,"{625000,1250000,{country625,1875000}}"
626,626,626,"{626000,1252000,{country626,1878000}}"
627,627,627,"{627000,1254000,{country627,1881000}}"
628,628,628,"{628000,1256000,{country628,1884000}}"
629,629,629,"{629000,1258000,{country629,1887000}}"
630,630,630,"{630000,1260000,{country630,1890000}}"
631,631,631,"{631000,1262000,{country631,1893000}}"
632,632,632,"{632000,1264000,{country632,1896000}}"
633,633,633,"{633000,1266000,{country633,1899000}}"
634,634,634,"{634000,1268000,{country634,1902000}}"
635,635,635,"{635000,1270000,{country635,1905000}}"
636,636,636,"{636000,1272000,{country636,1908000}}"
637,637,637,"{637000,1274000,{country637,1911000}}"
638,638,638,"{638000,1276000,{country638,1914000}}"
639,639,639,"{639000,1278000,{country639,1917000}}"
640,640,640,"{640000,1280000,{country640,1920000}}"
641,641,641,"{641000,1282000,{country641,1923000}}"
642,642,642,"{642000,1284000,{country642,1926000}}"
643,643,643,"{643000,1286000,{country643,1929000}}"
644,644,644,"{644000,1288000,{country644,1932000}}"
645,645,645,"{645000,1290000,{country645,1935000}}"
646,646,646,"{646000,1292000,{country646,1938000}}"
647,647,647,"{647000,1294000,{country647,1941000}}"
648,648,648,"{648000,1296000,{country648,1944000}}"
649,649,649,"{649000,1298000,{country649,1947000}}"
650,650,650,"{650000,1300000,{country650,1950000}}"
651,651,651,"{651000,1302000,{country651,1953000}}"
652,652,652,"{652000,1304000,{country652,1956000}}"
653,653,653,"{653000,1306000,{country653,1959000}}"
654,654,654,"{654000,1308000,{country654,1962000}}"
655,655,655,"{655000,1310000,{country655,1965000}}"
656,656,656,"{656000,1312000,{country656,1968000}}"
657,657,657,"{657000,1314000,{country657,1971000}}"
658,658,658,"{658000,1316000,{country658,1974000}}"
659,659,659,"{659000,1318000,{country659,1977000}}"
660,660,660,"{660000,1320000,{country660,1980000}}"
661,661,661,"{661000,1322000,{country661,1983000}}"
662,662,662,"{662000,1324000,{country662,1986000}}"
663,663,663,"{663000,1326000,{country663,1989000}}"
664,664,664,"{664000,1328000,{country664,1992000}}"
665,665,665,"{665000,1330000,{country665,1995000}}"
666,666,666,"{666000,1332000,{country666,1998000}}"
667,667,667,"{667000,1334000,{country667,2001000}}"
668,668,668,"{668000,1336000,{country668,2004000}}"
669,669,669,"{669000,1338000,{country669,2007000}}"
670,670,670,"{670000,1340000,{country670,2010000}}"
671,671,671,"{671000,1342000,{country671,2013000}}"
672,672,672,"{672000,1344000,{country672,2016000}}"
673,673,673,"{673000,1346000,{country673,2019000}}"
674,674,674,"{674000,1348000,{country674,2022000}}"
675,675,675,"{675000,1350000,{country675,2025000}}"
676,676,676,"{676000,1352000,{country676,2028000}}"
677,677,677,"{677000,1354000,{country677,2031000}}"
678,678,678,"{678000,1356000,{country678,2034000}}"
679,679,679,"{679000,1358000,{country679,2037000}}"
680,680,680,"{680000,1360000,{country680,2040000}}"
681,681,681,"{681000,1362000,{country681,2043000}}"
682,682,682,"{682000,1364000,{country682,2046000}}"
683,683,683,"{683000,1366000,{country683,2049000}}"
684,684,684,"{684000,1368000,{country684,2052000}}"
685,685,685,"{685000,1370000,{country685,2055000}}"
686,686,686,"{686000,1372000,{country686,2058000}}"
687,687,687,"{687000,1374000,{country687,2061000}}"
688,688,688,"{688000,1376000,{country688,2064000}}"
689,689,689,"{689000,1378000,{country689,2067000}}"
690,690,690,"{690000,1380000,{country690,2070000}}"
691,691,691,"{691000,1382000,{country691,2073000}}"
692,692,692,"{692000,1384000,{country692,2076000}}"
693,693,693,"{693000,1386000,{country693,2079000}}"
694,694,694,"{694000,1388000,{country694,2082000}}"
695,695,695,"{695000,1390000,{country695,2085000}}"
696,696,696,"{696000,1392000,{country696,2088000}}"
697,697,697,"{697000,1394000,{country697,2091000}}"
698,698,698,"{698000,1396000,{country698,2094000}}"
699,699,699,"{699000,1398000,{country699,2097000}}"
700,700,700,"{700000,1400000,{country700,2100000}}"
701,701,701,"{701000,1402000,{country701,2103000}}"
702,702,702,"{702000,1404000,{country702,2106000}}"
703,703,703,"{703000,1406000,{country703,2109000}}"
704,704,704,"{704000,1408000,{country704,2112000}}"
705,705,705,"{705000,1410000,{country705,2115000}}"
706,706,706,"{706000,1412000,{country706,2118000}}"
707,707,707,"{707000,1414000,{country707,2121000}}"
708,708,708,"{708000,1416000,{country708,2124000}}"
709,709,709,"{709000,1418000,{country709,2127000}}"
710,710,710,"{710000,1420000,{country710,2130000}}"
711,711,711,"{711000,1422000,{country711,2133000}}"
712,712,712,"{712000,1424000,{country712,2136000}}"
713,713,713,"{713000,1426000,{country713,2139000}}"
714,714,714,"{714000,1428000,{country714,2142000}}"
715,715,715,"{715000,1430000,{country715,2145000}}"
716,716,716,"{716000,1432000,{country716,2148000}}"
717,717,717,"{717000,1434000,{country717,2151000}}"
718,718,718,"{718000,1436000,{country718,2154000}}"
719,719,719,"{719000,1438000,{country719,2157000}}"
720,720,720,"{720000,1440000,{country720,2160000}}"
721,721,721,"{721000,1442000,{country721,2163000}}"
722,722,722,"{722000,1444000,{country722,2166000}}"
723,723,723,"{723000,1446000,{country723,2169000}}"
724,724,724,"{724000,1448000,{country724,2172000}}"
725,725,725,"{725000,1450000,{country725,2175000}}"
726,726,726,"{726000,1452000,{country726,2178000}}"
727,727,727,"{727000,1454000,{country727,2181000}}"
728,728,728,"{728000,1456000,{country728,2184000}}"
729,729,729,"{729000,1458000,{country729,2187000}}"
730,730,730,"{730000,1460000,{country730,2190000}}"
731,731,731,"{731000,1462000,{country731,2193000}}"
732,732,732,"{732000,1464000,{country732,2196000}}"
733,733,733,"{733000,1466000,{country733,2199000}}"
734,734,734,"{734000,1468000,{country734,2202000}}"
735,735,735,"{735000,1470000,{country735,2205000}}"
736,736,736,"{736000,1472000,{country736,2208000}}"
737,737,737,"{737000,1474000,{country737,2211000}}"
738,738,738,"{738000,1476000,{country738,2214000}}"
739,739,739,"{739000,1478000,{country739,2217000}}"
740,740,740,"{740000,1480000,{country740,2220000}}"
741,741,741,"{741000,1482000,{country741,2223000}}"
742,742,742,"{742000,1484000,{country742,2226000}}"
743,743,743,"{743000,1486000,{country743,2229000}}"
744,744,744,"{744000,1488000,{country744,2232000}}"
745,745,745,"{745000,1490000,{country745,2235000}}"
746,746,746,"{746000,1492000,{country746,2238000}}"
747,747,747,"{747000,1494000,{country747,2241000}}"
748,748,748,"{748000,1496000,{country748,2244000}}"
749,749,749,"{749000,1498000,{country749,2247000}}"
750,750,750,"{750000,1500000,{country750,2250000}}"
751,751,751,"{751000,1502000,{country751,2253000}}"
752,752,752,"{752000,1504000,{country752,2256000}}"
753,753,753,"{753000,1506000,{country753,2259000}}"
754,754,754,"{754000,1508000,{country754,2262000}}"
755,755,755,"{755000,1510000,{country755,2265000}}"
756,756,756,"{756000,1512000,{country756,2268000}}"
757,757,757,"{757000,1514000,{country757,2271000}}"
758,758,758,"{758000,1516000,{country758,2274000}}"
759,759,759,"{759000,1518000,{country759,2277000}}"
760,760,760,"{760000,1520000,{country760,2280000}}"
761,761,761,"{761000,1522000,{country761,2283000}}"
762,762,762,"{762000,1524000,{country762,2286000}}"
763,763,763,"{763000,1526000,{country763,2289000}}"
764,764,764,"{764000,1528000,{country764,2292000}}"
765,765,765,"{765000,1530000,{country765,2295000}}"
766,766,766,"{766000,1532000,{country766,2298000}}"
767,767,767,"{767000,1534000,{country767,2301000}}"
768,768,768,"{768000,1536000,{country768,2304000}}"
769,769,769,"{769000,1538000,{country769,2307000}}"
770,770,770,"{770000,1540000,{country770,2310000}}"
771,771,771,"{771000,1542000,{country771,2313000}}"
772,772,772,"{772000,1544000,{country772,2316000}}"
773,773,773,"{773000,1546000,{country773,2319000}}"
774,774,774,"{774000,1548000,{country774,2322000}}"
775,775,775,"{775000,1550000,{country775,2325000}}"
776,776,776,"{776000,1552000,{country776,2328000}}"
777,777,777,"{777000,1554000,{country777,2331000}}"
778,778,778,"{778000,1556000,{country778,2334000}}"
779,779,779,"{779000,1558000,{country779,2337000}}"
780,780,780,"{780000,1560000,{country780,2340000}}"
781,781,781,"{781000,1562000,{country781,2343000}}"
782,782,782,"{782000,1564000,{country782,2346000}}"
783,783,783,"{783000,1566000,{country783,2349000}}"
784,784,784,"{784000,1568000,{country784,2352000}}"
785,785,785,"{785000,1570000,{country785,2355000}}"
786,786,786,"{786000,1572000,{country786,2358000}}"
787,787,787,"{787000,1574000,{country787,2361000}}"
788,788,788,"{788000,1576000,{country788,2364000}}"
789,789,789,"{789000,1578000,{country789,2367000}}"
790,790,790,"{790000,1580000,{country790,2370000}}"
791,791,791,"{791000,1582000,{country791,2373000}}"
792,792,792,"{792000,1584000,{country792,2376000}}"
793,793,793,"{793000,1586000,{country793,2379000}}"
794,794,794,"{794000,1588000,{country794,2382000}}"
795,795,795,"{795000,1590000,{country795,2385000}}"
796,796,796,"{796000,1592000,{country796,2388000}}"
797,797,797,"{797000,1594000,{country797,2391000}}"
798,798,798,"{798000,1596000,{country798,2394000}}"
799,799,799,"{799000,1598000,{country799,2397000}}"
800,800,800,"{800000,1600000,{country800,2400000}}"
801,801,801,"{801000,1602000,{country801,2403000}}"
802,802,802,"{802000,1604000,{country802,2406000}}"
803,803,803,"{803000,1606000,{country803,2409000}}"
804,804,804,"{804000,1608000,{country804,2412000}}"
805,805,805,"{805000,1610000,{country805,2415000}}"
806,806,806,"{806000,1612000,{country806,2418000}}"
807,807,807,"{807000,1614000,{country807,2421000}}"
808,808,808,"{808000,1616000,{country808,2424000}}"
809,809,809,"{809000,1618000,{country809,2427000}}"
810,810,810,"{810000,1620000,{country810,2430000}}"
811,811,811,"{811000,1622000,{country811,2433000}}"
812,812,812,"{812000,1624000,{country812,2436000}}"
813,813,813,"{813000,1626000,{country813,2439000}}"
814,814,814,"{814000,1628000,{country814,2442000}}"
815,815,815,"{815000,1630000,{country815,2445000}}"
816,816,816,"{816000,1632000,{country816,2448000}}"
817,817,817,"{817000,1634000,{country817,2451000}}"
818,818,818,"{818000,1636000,{country818,2454000}}"
819,819,819,"{819000,1638000,{country819,2457000}}"
820,820,820,"{820000,1640000,{country820,2460000}}"
821,821,821,"{821000,1642000,{country821,2463000}}"
822,822,822,"{822000,1644000,{country822,2466000}}"
823,823,823,"{823000,1646000,{country823,2469000}}"
824,824,824,"{824000,1648000,{country824,2472000}}"
825,825,825,"{825000,1650000,{country825,2475000}}"
826,826,826,"{826000,1652000,{country826,2478000}}"
827,827,827,"{827000,1654000,{country827,2481000}}"
828,828,828,"{828000,1656000,{country828,2484000}}"
829,829,829,"{829000,1658000,{country829,2487000}}"
830,830,830,"{830000,1660000,{country830,2490000}}"
831,831,831,"{831000,1662000,{country831,2493000}}"
832,832,832,"{832000,1664000,{country832,2496000}}"
833,833,833,"{833000,1666000,{country833,2499000}}"
834,834,834,"{834000,1668000,{country834,2502000}}"
835,835,835,"{835000,1670000,{country835,2505000}}"
836,836,836,"{836000,1672000,{country836,2508000}}"
837,837,837,"{837000,1674000,{country837,2511000}}"
838,838,838,"{838000,1676000,{country838,2514000}}"
839,839,839,"{839000,1678000,{country839,2517000}}"
840,840,840,"{840000,1680000,{country840,2520000}}"
841,841,841,"{841000,1682000,{country841,2523000}}"
842,842,842,"{842000,1684000,{country842,2526000}}"
843,843,843,"{843000,1686000,{country843,2529000}}"
844,844,844,"{844000,1688000,{country844,2532000}}"
845,845,845,"{845000,1690000,{country845,2535000}}"
846,846,846,"{846000,1692000,{country846,2538000}}"
847,847,847,"{847000,1694000,{country847,2541000}}"
848,848,848,"{848000,1696000,{country848,2544000}}"
849,849,849,"{849000,1698000,{country849,2547000}}"
850,850,850,"{850000,1700000,{country850,2550000}}"
851,851,851,"{851000,1702000,{country851,2553000}}"
852,852,852,"{852000,1704000,{country852,2556000}}"
853,853,853,"{853000,1706000,{country853,2559000}}"
854,854,854,"{854000,1708000,{country854,2562000}}"
855,855,855,"{855000,1710000,{country855,2565000}}"
856,856,856,"{856000,1712000,{country856,2568000}}"
857,857,857,"{857000,1714000,{country857,2571000}}"
858,858,858,"{858000,1716000,{country858,2574000}}"
859,859,859,"{859000,1718000,{country859,2577000}}"
860,860,860,"{860000,1720000,{country860,2580000}}"
861,861,861,"{861000,1722000,{country861,2583000}}"
862,862,862,"{862000,1724000,{country862,2586000}}"
863,863,863,"{863000,1726000,{country863,2589000}}"
864,864,864,"{864000,1728000,{country864,2592000}}"
865,865,865,"{865000,1730000,{country865,2595000}}"
866,866,866,"{866000,1732000,{country866,2598000}}"
867,867,867,"{867000,1734000,{country867,2601000}}"
868,868,868,"{868000,1736000,{country868,2604000}}"
869,869,869,"{869000,1738000,{country869,2607000}}"
870,870,870,"{870000,1740000,{country870,2610000}}"
871,871,871,"{871000,1742000,{country871,2613000}}"
872,872,872,"{872000,1744000,{country872,2616000}}"
873,873,873,"{873000,1746000,{country873,2619000}}"
874,874,874,"{874000,1748000,{country874,2622000}}"
875,875,875,"{875000,1750000,{country875,2625000}}"
876,876,876,"{876000,1752000,{country876,2628000}}"
877,877,877,"{877000,1754000,{country877,2631000}}"
878,878,878,"{878000,1756000,{country878,2634000}}"
879,879,879,"{879000,1758000,{country879,2637000}}"
880,880,880,"{880000,1760000,{country880,2640000}}"
881,881,881,"{881000,1762000,{country881,2643000}}"
882,882,882,"{882000,1764000,{country882,2646000}}"
883,883,883,"{883000,1766000,{country883,2649000}}"
884,884,884,"{884000,1768000,{country884,2652000}}"
885,885,885,"{885000,1770000,{country885,2655000}}"
886,886,886,"{886000,1772000,{country886,2658000}}"
887,887,887,"{887000,1774000,{country887,2661000}}"
888,888,888,"{888000,1776000,{country888,2664000}}"
889,889,889,"{889000,1778000,{country889,2667000}}"
890,890,890,"{890000,1780000,{country890,2670000}}"
891,891,891,"{891000,1782000,{country891,2673000}}"
892,892,892,"{892000,1784000,{country892,2676000}}"
893,893,893,"{893000,1786000,{country893,2679000}}"
894,894,894,"{894000,1788000,{country894,2682000}}"
895,895,895,"{895000,1790000,{country895,2685000}}"
896,896,896,"{896000,1792000,{country896,2688000}}"
897,897,897,"{897000,1794000,{country897,2691000}}"
898,898,898,"{898000,1796000,{country898,2694000}}"
899,899,899,"{899000,1798000,{country899,2697000}}"
900,900,900,"{900000,1800000,{country900,2700000}}"
901,901,901,"{901000,1802000,{country901,2703000}}"
902,902,902,"{902000,1804000,{country902,2706000}}"
903,903,903,"{903000,1806000,{country903,2709000}}"
904,904,904,"{904000,1808000,{country904,2712000}}"
905,905,905,"{905000,1810000,{country905,2715000}}"
906,906,906,"{906000,1812000,{country906,2718000}}"
907,907,907,"{907000,1814000,{country907,2721000}}"
908,908,908,"{908000,1816000,{country908,2724000}}"
909,909,909,"{909000,1818000,{country909,2727000}}"
910,910,910,"{910000,1820000,{country910,2730000}}"
911,911,911,"{911000,1822000,{country911,2733000}}"
912,912,912,"{912000,1824000,{country912,2736000}}"
913,913,913,"{913000,1826000,{country913,2739000}}"
914,914,914,"{914000,1828000,{country914,2742000}}"
915,915,915,"{915000,1830000,{country915,2745000}}"
916,916,916,"{916000,1832000,{country916,2748000}}"
917,917,917,"{917000,1834000,{country917,2751000}}"
918,918,918,"{918000,1836000,{country918,2754000}}"
919,919,919,"{919000,1838000,{country919,2757000}}"
920,920,920,"{920000,1840000,{country920,2760000}}"
921,921,921,"{921000,1842000,{country921,2763000}}"
922,922,922,"{922000,1844000,{country922,2766000}}"
923,923,923,"{923000,1846000,{country923,2769000}}"
924,924,924,"{924000,1848000,{country924,2772000}}"
925,925,925,"{925000,1850000,{country925,2775000}}"
926,926,926,"{926000,1852000,{country926,2778000}}"
927,927,927,"{927000,1854000,{country927,2781000}}"
928,928,928,"{928000,1856000,{country928,2784000}}"
929,929,929,"{929000,1858000,{country929,2787000}}"
930,930,930,"{930000,1860000,{country930,2790000}}"
931,931,931,"{931000,1862000,{country931,2793000}}"
932,932,932,"{932000,1864000,{country932,2796000}}"
933,933,933,"{933000,1866000,{country933,2799000}}"
934,934,934,"{934000,1868000,{country934,2802000}}"
935,935,935,"{935000,1870000,{country935,2805000}}"
936,936,936,"{936000,1872000,{country936,2808000}}"
937,937,937,"{937000,1874000,{country937,2811000}}"
938,938,938,"{938000,1876000,{country938,2814000}}"
939,939,939,"{939000,1878000,{country939,2817000}}"
940,940,940,"{940000,1880000,{country940,2820000}}"
941,941,941,"{941000,1882000,{country941,2823000}}"
942,942,942,"{942000,1884000,{country942,2826000}}"
943,943,943,"{943000,1886000,{country943,2829000}}"
944,944,944,"{944000,1888000,{country944,2832000}}"
945,945,945,"{945000,1890000,{country945,2835000}}"
946,946,946,"{946000,1892000,{country946,2838000}}"
947,947,947,"{947000,1894000,{country947,2841000}}"
948,948,948,"{948000,1896000,{country948,2844000}}"
949,949,949,"{949000,1898000,{country949,2847000}}"
950,950,950,"{950000,1900000,{country950,2850000}}"
951,951,951,"{951000,1902000,{country951,2853000}}"
952,952,952,"{952000,1904000,{country952,2856000}}"
953,953,953,"{953000,1906000,{country953,2859000}}"
954,954,954,"{954000,1908000,{country954,2862000}}"
955,955,955,"{955000,1910000,{country955,2865000}}"
956,956,956,"{956000,1912000,{country956,2868000}}"
957,957,957,"{957000,1914000,{country957,2871000}}"
958,958,958,"{958000,1916000,{country958,2874000}}"
959,959,959,"{959000,1918000,{country959,2877000}}"
960,960,960,"{960000,1920000,{country960,2880000}}"
961,961,961,"{961000,1922000,{country961,2883000}}"
962,962,962,"{962000,1924000,{country962,2886000}}"
963,963,963,"{963000,1926000,{country963,2889000}}"
964,964,964,"{964000,1928000,{country964,2892000}}"
965,965,965,"{965000,1930000,{country965,2895000}}"
966,966,966,"{966000,1932000,{country966,2898000}}"
967,967,967,"{967000,1934000,{country967,2901000}}"
968,968,968,"{968000,1936000,{country968,2904000}}"
969,969,969,"{969000,1938000,{country969,2907000}}"
970,970,970,"{970000,1940000,{country970,2910000}}"
971,971,971,"{971000,1942000,{country971,2913000}}"
972,972,972,"{972000,1944000,{country972,2916000}}"
973,973,973,"{973000,1946000,{country973,2919000}}"
974,974,974,"{974000,1948000,{country974,2922000}}"
975,975,975,"{975000,1950000,{country975,2925000}}"
976,976,976,"{976000,1952000,{country976,2928000}}"
977,977,977,"{977000,1954000,{country977,2931000}}"
978,978,978,"{978000,1956000,{country978,2934000}}"
979,979,979,"{979000,1958000,{country979,2937000}}"
980,980,980,"{980000,1960000,{country980,2940000}}"
981,981,981,"{981000,1962000,{country981,2943000}}"
982,982,982,"{982000,1964000,{country982,2946000}}"
983,983,983,"{983000,1966000,{country983,2949000}}"
984,984,984,"{984000,1968000,{country984,2952000}}"
985,985,985,"{985000,1970000,{country985,2955000}}"
986,986,986,"{986000,1972000,{country986,2958000}}"
987,987,987,"{987000,1974000,{country987,2961000}}"
988,988,988,"{988000,1976000,{country988,2964000}}"
989,989,989,"{989000,1978000,{country989,2967000}}"
990,990,990,"{990000,1980000,{country990,2970000}}"
991,991,991,"{991000,1982000,{country991,2973000}}"
992,992,992,"{992000,1984000,{country992,2976000}}"
993,993,993,"{993000,1986000,{country993,2979000}}"
994,994,994,"{994000,1988000,{country994,2982000}}"
995,995,995,"{995000,1990000,{country995,2985000}}"
996,996,996,"{996000,1992000,{country996,2988000}}"
997,997,997,"{997000,1994000,{country997,2991000}}"
998,998,998,"{998000,1996000,{country998,2994000}}"
999,999,999,"{999000,1998000,{country999,2997000}}"
