FLIGHT_NUM710,710,2019-10-23 03:40:41
FLIGHT_NUM711,711,2019-10-23 04:40:41
FLIGHT_NUM712,712,2019-10-23 05:40:41
FLIGHT_NUM713,713,2019-10-23 06:40:41
FLIGHT_NUM714,714,2019-10-23 07:40:41
FLIGHT_NUM715,715,2019-10-23 08:40:41
FLIGHT_NUM716,716,2019-10-23 09:40:41
FLIGHT_NUM717,717,2019-10-23 10:40:41
FLIGHT_NUM718,718,2019-10-23 11:40:41
FLIGHT_NUM719,719,2019-10-23 12:40:41
FLIGHT_NUM720,720,2019-10-23 13:40:41
FLIGHT_NUM721,721,2019-10-23 14:40:41
FLIGHT_NUM722,722,2019-10-23 15:40:41
FLIGHT_NUM723,723,2019-10-23 16:40:41
FLIGHT_NUM724,724,2019-10-23 17:40:41
FLIGHT_NUM725,725,2019-10-23 18:40:41
FLIGHT_NUM726,726,2019-10-23 19:40:41
FLIGHT_NUM727,727,2019-10-23 20:40:41
FLIGHT_NUM728,728,2019-10-23 21:40:41
FLIGHT_NUM729,729,2019-10-23 22:40:41
FLIGHT_NUM730,730,2019-10-23 23:40:41
FLIGHT_NUM731,731,2019-10-24 00:40:41
FLIGHT_NUM732,732,2019-10-24 01:40:41
FLIGHT_NUM733,733,2019-10-24 02:40:41
FLIGHT_NUM734,734,2019-10-24 03:40:41
FLIGHT_NUM735,735,2019-10-24 04:40:41
FLIGHT_NUM736,736,2019-10-24 05:40:41
FLIGHT_NUM737,737,2019-10-24 06:40:41
FLIGHT_NUM738,738,2019-10-24 07:40:41
FLIGHT_NUM739,739,2019-10-24 08:40:41
FLIGHT_NUM740,740,2019-10-24 09:40:41
FLIGHT_NUM741,741,2019-10-24 10:40:41
FLIGHT_NUM742,742,2019-10-24 11:40:41
FLIGHT_NUM743,743,2019-10-24 12:40:41
FLIGHT_NUM744,744,2019-10-24 13:40:41
FLIGHT_NUM745,745,2019-10-24 14:40:41
FLIGHT_NUM746,746,2019-10-24 15:40:41
FLIGHT_NUM747,747,2019-10-24 16:40:41
FLIGHT_NUM748,748,2019-10-24 17:40:41
FLIGHT_NUM749,749,2019-10-24 18:40:41
FLIGHT_NUM750,750,2019-10-24 19:40:41
FLIGHT_NUM751,751,2019-10-24 20:40:41
FLIGHT_NUM752,752,2019-10-24 21:40:41
FLIGHT_NUM753,753,2019-10-24 22:40:41
FLIGHT_NUM754,754,2019-10-24 23:40:41
FLIGHT_NUM755,755,2019-10-25 00:40:41
FLIGHT_NUM756,756,2019-10-25 01:40:41
FLIGHT_NUM757,757,2019-10-25 02:40:41
FLIGHT_NUM758,758,2019-10-25 03:40:41
FLIGHT_NUM759,759,2019-10-25 04:40:41
FLIGHT_NUM760,760,2019-10-25 05:40:41
FLIGHT_NUM761,761,2019-10-25 06:40:41
FLIGHT_NUM762,762,2019-10-25 07:40:41
FLIGHT_NUM763,763,2019-10-25 08:40:41
FLIGHT_NUM764,764,2019-10-25 09:40:41
FLIGHT_NUM765,765,2019-10-25 10:40:41
FLIGHT_NUM766,766,2019-10-25 11:40:41
FLIGHT_NUM767,767,2019-10-25 12:40:41
FLIGHT_NUM768,768,2019-10-25 13:40:41
FLIGHT_NUM769,769,2019-10-25 14:40:41
FLIGHT_NUM770,770,2019-10-25 15:40:41
FLIGHT_NUM771,771,2019-10-25 16:40:41
FLIGHT_NUM772,772,2019-10-25 17:40:41
FLIGHT_NUM773,773,2019-10-25 18:40:41
FLIGHT_NUM774,774,2019-10-25 19:40:41
FLIGHT_NUM775,775,2019-10-25 20:40:41
FLIGHT_NUM776,776,2019-10-25 21:40:41
FLIGHT_NUM777,777,2019-10-25 22:40:41
FLIGHT_NUM778,778,2019-10-25 23:40:41
FLIGHT_NUM779,779,2019-10-26 00:40:41
FLIGHT_NUM780,780,2019-10-26 01:40:41
FLIGHT_NUM781,781,2019-10-26 02:40:41
FLIGHT_NUM782,782,2019-10-26 03:40:41
FLIGHT_NUM783,783,2019-10-26 04:40:41
FLIGHT_NUM784,784,2019-10-26 05:40:41
FLIGHT_NUM785,785,2019-10-26 06:40:41
FLIGHT_NUM786,786,2019-10-26 07:40:41
FLIGHT_NUM787,787,2019-10-26 08:40:41
FLIGHT_NUM788,788,2019-10-26 09:40:41
FLIGHT_NUM789,789,2019-10-26 10:40:41
FLIGHT_NUM790,790,2019-10-26 11:40:41
FLIGHT_NUM791,791,2019-10-26 12:40:41
FLIGHT_NUM792,792,2019-10-26 13:40:41
FLIGHT_NUM793,793,2019-10-26 14:40:41
FLIGHT_NUM794,794,2019-10-26 15:40:41
FLIGHT_NUM795,795,2019-10-26 16:40:41
FLIGHT_NUM796,796,2019-10-26 17:40:41
FLIGHT_NUM797,797,2019-10-26 18:40:41
FLIGHT_NUM798,798,2019-10-26 19:40:41
FLIGHT_NUM799,799,2019-10-26 20:40:41
FLIGHT_NUM800,800,2019-10-26 21:40:41
FLIGHT_NUM801,801,2019-10-26 22:40:41
FLIGHT_NUM802,802,2019-10-26 23:40:41
FLIGHT_NUM803,803,2019-10-27 00:40:41
FLIGHT_NUM804,804,2019-10-27 01:40:41
FLIGHT_NUM805,805,2019-10-27 02:40:41
FLIGHT_NUM806,806,2019-10-27 03:40:41
FLIGHT_NUM807,807,2019-10-27 04:40:41
FLIGHT_NUM808,808,2019-10-27 05:40:41
FLIGHT_NUM809,809,2019-10-27 06:40:41
FLIGHT_NUM810,810,2019-10-27 07:40:41
FLIGHT_NUM811,811,2019-10-27 08:40:41
FLIGHT_NUM812,812,2019-10-27 09:40:41
FLIGHT_NUM813,813,2019-10-27 10:40:41
FLIGHT_NUM814,814,2019-10-27 11:40:41
FLIGHT_NUM815,815,2019-10-27 12:40:41
FLIGHT_NUM816,816,2019-10-27 13:40:41
FLIGHT_NUM817,817,2019-10-27 14:40:41
FLIGHT_NUM818,818,2019-10-27 15:40:41
FLIGHT_NUM819,819,2019-10-27 16:40:41
FLIGHT_NUM820,820,2019-10-27 17:40:41
FLIGHT_NUM821,821,2019-10-27 18:40:41
FLIGHT_NUM822,822,2019-10-27 19:40:41
FLIGHT_NUM823,823,2019-10-27 20:40:41
FLIGHT_NUM824,824,2019-10-27 21:40:41
FLIGHT_NUM825,825,2019-10-27 22:40:41
FLIGHT_NUM826,826,2019-10-27 23:40:41
FLIGHT_NUM827,827,2019-10-28 00:40:41
FLIGHT_NUM828,828,2019-10-28 01:40:41
FLIGHT_NUM829,829,2019-10-28 02:40:41
FLIGHT_NUM830,830,2019-10-28 03:40:41
FLIGHT_NUM831,831,2019-10-28 04:40:41
FLIGHT_NUM832,832,2019-10-28 05:40:41
FLIGHT_NUM833,833,2019-10-28 06:40:41
FLIGHT_NUM834,834,2019-10-28 07:40:41
FLIGHT_NUM835,835,2019-10-28 08:40:41
FLIGHT_NUM836,836,2019-10-28 09:40:41
FLIGHT_NUM837,837,2019-10-28 10:40:41
FLIGHT_NUM838,838,2019-10-28 11:40:41
FLIGHT_NUM839,839,2019-10-28 12:40:41
FLIGHT_NUM840,840,2019-10-28 13:40:41
FLIGHT_NUM841,841,2019-10-28 14:40:41
FLIGHT_NUM842,842,2019-10-28 15:40:41
FLIGHT_NUM843,843,2019-10-28 16:40:41
FLIGHT_NUM844,844,2019-10-28 17:40:41
FLIGHT_NUM845,845,2019-10-28 18:40:41
FLIGHT_NUM846,846,2019-10-28 19:40:41
FLIGHT_NUM847,847,2019-10-28 20:40:41
FLIGHT_NUM848,848,2019-10-28 21:40:41
FLIGHT_NUM849,849,2019-10-28 22:40:41
FLIGHT_NUM850,850,2019-10-28 23:40:41
FLIGHT_NUM851,851,2019-10-29 00:40:41
FLIGHT_NUM852,852,2019-10-29 01:40:41
FLIGHT_NUM853,853,2019-10-29 02:40:41
FLIGHT_NUM854,854,2019-10-29 03:40:41
FLIGHT_NUM855,855,2019-10-29 04:40:41
FLIGHT_NUM856,856,2019-10-29 05:40:41
FLIGHT_NUM857,857,2019-10-29 06:40:41
FLIGHT_NUM858,858,2019-10-29 07:40:41
FLIGHT_NUM859,859,2019-10-29 08:40:41
FLIGHT_NUM860,860,2019-10-29 09:40:41
FLIGHT_NUM861,861,2019-10-29 10:40:41
FLIGHT_NUM862,862,2019-10-29 11:40:41
FLIGHT_NUM863,863,2019-10-29 12:40:41
FLIGHT_NUM864,864,2019-10-29 13:40:41
FLIGHT_NUM865,865,2019-10-29 14:40:41
FLIGHT_NUM866,866,2019-10-29 15:40:41
FLIGHT_NUM867,867,2019-10-29 16:40:41
FLIGHT_NUM868,868,2019-10-29 17:40:41
FLIGHT_NUM869,869,2019-10-29 18:40:41
FLIGHT_NUM870,870,2019-10-29 19:40:41
FLIGHT_NUM871,871,2019-10-29 20:40:41
FLIGHT_NUM872,872,2019-10-29 21:40:41
FLIGHT_NUM873,873,2019-10-29 22:40:41
FLIGHT_NUM874,874,2019-10-29 23:40:41
FLIGHT_NUM875,875,2019-10-30 00:40:41
FLIGHT_NUM876,876,2019-10-30 01:40:41
FLIGHT_NUM877,877,2019-10-30 02:40:41
FLIGHT_NUM878,878,2019-10-30 03:40:41
FLIGHT_NUM879,879,2019-10-30 04:40:41
FLIGHT_NUM880,880,2019-10-30 05:40:41
FLIGHT_NUM881,881,2019-10-30 06:40:41
FLIGHT_NUM882,882,2019-10-30 07:40:41
FLIGHT_NUM883,883,2019-10-30 08:40:41
FLIGHT_NUM884,884,2019-10-30 09:40:41
FLIGHT_NUM885,885,2019-10-30 10:40:41
FLIGHT_NUM886,886,2019-10-30 11:40:41
FLIGHT_NUM887,887,2019-10-30 12:40:41
FLIGHT_NUM888,888,2019-10-30 13:40:41
FLIGHT_NUM889,889,2019-10-30 14:40:41
FLIGHT_NUM890,890,2019-10-30 15:40:41
FLIGHT_NUM891,891,2019-10-30 16:40:41
FLIGHT_NUM892,892,2019-10-30 17:40:41
FLIGHT_NUM893,893,2019-10-30 18:40:41
FLIGHT_NUM894,894,2019-10-30 19:40:41
FLIGHT_NUM895,895,2019-10-30 20:40:41
FLIGHT_NUM896,896,2019-10-30 21:40:41
FLIGHT_NUM897,897,2019-10-30 22:40:41
FLIGHT_NUM898,898,2019-10-30 23:40:41
FLIGHT_NUM899,899,2019-10-31 00:40:41
FLIGHT_NUM900,900,2019-10-31 01:40:41
FLIGHT_NUM901,901,2019-10-31 02:40:41
FLIGHT_NUM902,902,2019-10-31 03:40:41
FLIGHT_NUM903,903,2019-10-31 04:40:41
FLIGHT_NUM904,904,2019-10-31 05:40:41
FLIGHT_NUM905,905,2019-10-31 06:40:41
FLIGHT_NUM906,906,2019-10-31 07:40:41
FLIGHT_NUM907,907,2019-10-31 08:40:41
FLIGHT_NUM908,908,2019-10-31 09:40:41
FLIGHT_NUM909,909,2019-10-31 10:40:41
FLIGHT_NUM910,910,2019-10-31 11:40:41
FLIGHT_NUM911,911,2019-10-31 12:40:41
FLIGHT_NUM912,912,2019-10-31 13:40:41
FLIGHT_NUM913,913,2019-10-31 14:40:41
FLIGHT_NUM914,914,2019-10-31 15:40:41
FLIGHT_NUM915,915,2019-10-31 16:40:41
FLIGHT_NUM916,916,2019-10-31 17:40:41
FLIGHT_NUM917,917,2019-10-31 18:40:41
FLIGHT_NUM918,918,2019-10-31 19:40:41
FLIGHT_NUM919,919,2019-10-31 20:40:41
FLIGHT_NUM920,920,2019-10-31 21:40:41
FLIGHT_NUM921,921,2019-10-31 22:40:41
FLIGHT_NUM922,922,2019-10-31 23:40:41
FLIGHT_NUM923,923,2019-11-01 00:40:41
FLIGHT_NUM924,924,2019-11-01 01:40:41
FLIGHT_NUM925,925,2019-11-01 02:40:41
FLIGHT_NUM926,926,2019-11-01 03:40:41
FLIGHT_NUM927,927,2019-11-01 04:40:41
FLIGHT_NUM928,928,2019-11-01 05:40:41
FLIGHT_NUM929,929,2019-11-01 06:40:41
FLIGHT_NUM930,930,2019-11-01 07:40:41
FLIGHT_NUM931,931,2019-11-01 08:40:41
FLIGHT_NUM932,932,2019-11-01 09:40:41
FLIGHT_NUM933,933,2019-11-01 10:40:41
FLIGHT_NUM934,934,2019-11-01 11:40:41
FLIGHT_NUM935,935,2019-11-01 12:40:41
FLIGHT_NUM936,936,2019-11-01 13:40:41
FLIGHT_NUM937,937,2019-11-01 14:40:41
FLIGHT_NUM938,938,2019-11-01 15:40:41
FLIGHT_NUM939,939,2019-11-01 16:40:41
FLIGHT_NUM940,940,2019-11-01 17:40:41
FLIGHT_NUM941,941,2019-11-01 18:40:41
FLIGHT_NUM942,942,2019-11-01 19:40:41
FLIGHT_NUM943,943,2019-11-01 20:40:41
FLIGHT_NUM944,944,2019-11-01 21:40:41
FLIGHT_NUM945,945,2019-11-01 22:40:41
FLIGHT_NUM946,946,2019-11-01 23:40:41
FLIGHT_NUM947,947,2019-11-02 00:40:41
FLIGHT_NUM948,948,2019-11-02 01:40:41
FLIGHT_NUM949,949,2019-11-02 02:40:41
FLIGHT_NUM950,950,2019-11-02 03:40:41
FLIGHT_NUM951,951,2019-11-02 04:40:41
FLIGHT_NUM952,952,2019-11-02 05:40:41
FLIGHT_NUM953,953,2019-11-02 06:40:41
FLIGHT_NUM954,954,2019-11-02 07:40:41
FLIGHT_NUM955,955,2019-11-02 08:40:41
FLIGHT_NUM956,956,2019-11-02 09:40:41
FLIGHT_NUM957,957,2019-11-02 10:40:41
FLIGHT_NUM958,958,2019-11-02 11:40:41
FLIGHT_NUM959,959,2019-11-02 12:40:41
FLIGHT_NUM960,960,2019-11-02 13:40:41
FLIGHT_NUM961,961,2019-11-02 14:40:41
FLIGHT_NUM962,962,2019-11-02 15:40:41
FLIGHT_NUM963,963,2019-11-02 16:40:41
FLIGHT_NUM964,964,2019-11-02 17:40:41
FLIGHT_NUM965,965,2019-11-02 18:40:41
FLIGHT_NUM966,966,2019-11-02 19:40:41
FLIGHT_NUM967,967,2019-11-02 20:40:41
FLIGHT_NUM968,968,2019-11-02 21:40:41
FLIGHT_NUM969,969,2019-11-02 22:40:41
FLIGHT_NUM970,970,2019-11-02 23:40:41
FLIGHT_NUM971,971,2019-11-03 00:40:41
FLIGHT_NUM972,972,2019-11-03 01:40:41
FLIGHT_NUM973,973,2019-11-03 02:40:41
FLIGHT_NUM974,974,2019-11-03 03:40:41
FLIGHT_NUM975,975,2019-11-03 04:40:41
FLIGHT_NUM976,976,2019-11-03 05:40:41
FLIGHT_NUM977,977,2019-11-03 06:40:41
FLIGHT_NUM978,978,2019-11-03 07:40:41
FLIGHT_NUM979,979,2019-11-03 08:40:41
FLIGHT_NUM980,980,2019-11-03 09:40:41
FLIGHT_NUM981,981,2019-11-03 10:40:41
FLIGHT_NUM982,982,2019-11-03 11:40:41
FLIGHT_NUM983,983,2019-11-03 12:40:41
FLIGHT_NUM984,984,2019-11-03 13:40:41
FLIGHT_NUM985,985,2019-11-03 14:40:41
FLIGHT_NUM986,986,2019-11-03 15:40:41
FLIGHT_NUM987,987,2019-11-03 16:40:41
FLIGHT_NUM988,988,2019-11-03 17:40:41
FLIGHT_NUM989,989,2019-11-03 18:40:41
FLIGHT_NUM990,990,2019-11-03 19:40:41
FLIGHT_NUM991,991,2019-11-03 20:40:41
FLIGHT_NUM992,992,2019-11-03 21:40:41
FLIGHT_NUM993,993,2019-11-03 22:40:41
FLIGHT_NUM994,994,2019-11-03 23:40:41
FLIGHT_NUM995,995,2019-11-04 00:40:41
FLIGHT_NUM996,996,2019-11-04 01:40:41
FLIGHT_NUM997,997,2019-11-04 02:40:41
FLIGHT_NUM998,998,2019-11-04 03:40:41
FLIGHT_NUM999,999,2019-11-04 04:40:41
FLIGHT_NUM1,1,2019-09-23 14:40:41
FLIGHT_NUM2,2,2019-09-23 15:40:41
FLIGHT_NUM3,3,2019-09-23 16:40:41
FLIGHT_NUM4,4,2019-09-23 17:40:41
FLIGHT_NUM5,5,2019-09-23 18:40:41
FLIGHT_NUM6,6,2019-09-23 19:40:41
FLIGHT_NUM7,7,2019-09-23 20:40:41
FLIGHT_NUM8,8,2019-09-23 21:40:41
FLIGHT_NUM9,9,2019-09-23 22:40:41
FLIGHT_NUM10,10,2019-09-23 23:40:41
FLIGHT_NUM11,11,2019-09-24 00:40:41
FLIGHT_NUM12,12,2019-09-24 01:40:41
FLIGHT_NUM13,13,2019-09-24 02:40:41
FLIGHT_NUM14,14,2019-09-24 03:40:41
FLIGHT_NUM15,15,2019-09-24 04:40:41
FLIGHT_NUM16,16,2019-09-24 05:40:41
FLIGHT_NUM17,17,2019-09-24 06:40:41
FLIGHT_NUM18,18,2019-09-24 07:40:41
FLIGHT_NUM19,19,2019-09-24 08:40:41
FLIGHT_NUM20,20,2019-09-24 09:40:41
FLIGHT_NUM21,21,2019-09-24 10:40:41
FLIGHT_NUM22,22,2019-09-24 11:40:41
FLIGHT_NUM23,23,2019-09-24 12:40:41
FLIGHT_NUM24,24,2019-09-24 13:40:41
FLIGHT_NUM25,25,2019-09-24 14:40:41
FLIGHT_NUM26,26,2019-09-24 15:40:41
FLIGHT_NUM27,27,2019-09-24 16:40:41
FLIGHT_NUM28,28,2019-09-24 17:40:41
FLIGHT_NUM29,29,2019-09-24 18:40:41
FLIGHT_NUM30,30,2019-09-24 19:40:41
FLIGHT_NUM31,31,2019-09-24 20:40:41
FLIGHT_NUM32,32,2019-09-24 21:40:41
FLIGHT_NUM33,33,2019-09-24 22:40:41
FLIGHT_NUM34,34,2019-09-24 23:40:41
FLIGHT_NUM35,35,2019-09-25 00:40:41
FLIGHT_NUM36,36,2019-09-25 01:40:41
FLIGHT_NUM37,37,2019-09-25 02:40:41
FLIGHT_NUM38,38,2019-09-25 03:40:41
FLIGHT_NUM39,39,2019-09-25 04:40:41
FLIGHT_NUM40,40,2019-09-25 05:40:41
FLIGHT_NUM41,41,2019-09-25 06:40:41
FLIGHT_NUM42,42,2019-09-25 07:40:41
FLIGHT_NUM43,43,2019-09-25 08:40:41
FLIGHT_NUM44,44,2019-09-25 09:40:41
FLIGHT_NUM45,45,2019-09-25 10:40:41
FLIGHT_NUM46,46,2019-09-25 11:40:41
FLIGHT_NUM47,47,2019-09-25 12:40:41
FLIGHT_NUM48,48,2019-09-25 13:40:41
FLIGHT_NUM49,49,2019-09-25 14:40:41
FLIGHT_NUM50,50,2019-09-25 15:40:41
FLIGHT_NUM51,51,2019-09-25 16:40:41
FLIGHT_NUM52,52,2019-09-25 17:40:41
FLIGHT_NUM53,53,2019-09-25 18:40:41
FLIGHT_NUM54,54,2019-09-25 19:40:41
FLIGHT_NUM55,55,2019-09-25 20:40:41
FLIGHT_NUM56,56,2019-09-25 21:40:41
FLIGHT_NUM57,57,2019-09-25 22:40:41
FLIGHT_NUM58,58,2019-09-25 23:40:41
FLIGHT_NUM59,59,2019-09-26 00:40:41
FLIGHT_NUM60,60,2019-09-26 01:40:41
FLIGHT_NUM61,61,2019-09-26 02:40:41
FLIGHT_NUM62,62,2019-09-26 03:40:41
FLIGHT_NUM63,63,2019-09-26 04:40:41
FLIGHT_NUM64,64,2019-09-26 05:40:41
FLIGHT_NUM65,65,2019-09-26 06:40:41
FLIGHT_NUM66,66,2019-09-26 07:40:41
FLIGHT_NUM67,67,2019-09-26 08:40:41
FLIGHT_NUM68,68,2019-09-26 09:40:41
FLIGHT_NUM69,69,2019-09-26 10:40:41
FLIGHT_NUM70,70,2019-09-26 11:40:41
FLIGHT_NUM71,71,2019-09-26 12:40:41
FLIGHT_NUM72,72,2019-09-26 13:40:41
FLIGHT_NUM73,73,2019-09-26 14:40:41
FLIGHT_NUM74,74,2019-09-26 15:40:41
FLIGHT_NUM75,75,2019-09-26 16:40:41
FLIGHT_NUM76,76,2019-09-26 17:40:41
FLIGHT_NUM77,77,2019-09-26 18:40:41
FLIGHT_NUM78,78,2019-09-26 19:40:41
FLIGHT_NUM79,79,2019-09-26 20:40:41
FLIGHT_NUM80,80,2019-09-26 21:40:41
FLIGHT_NUM81,81,2019-09-26 22:40:41
FLIGHT_NUM82,82,2019-09-26 23:40:41
FLIGHT_NUM83,83,2019-09-27 00:40:41
FLIGHT_NUM84,84,2019-09-27 01:40:41
FLIGHT_NUM85,85,2019-09-27 02:40:41
FLIGHT_NUM86,86,2019-09-27 03:40:41
FLIGHT_NUM87,87,2019-09-27 04:40:41
FLIGHT_NUM88,88,2019-09-27 05:40:41
FLIGHT_NUM89,89,2019-09-27 06:40:41
FLIGHT_NUM90,90,2019-09-27 07:40:41
FLIGHT_NUM91,91,2019-09-27 08:40:41
FLIGHT_NUM92,92,2019-09-27 09:40:41
FLIGHT_NUM93,93,2019-09-27 10:40:41
FLIGHT_NUM94,94,2019-09-27 11:40:41
FLIGHT_NUM95,95,2019-09-27 12:40:41
FLIGHT_NUM96,96,2019-09-27 13:40:41
FLIGHT_NUM97,97,2019-09-27 14:40:41
FLIGHT_NUM98,98,2019-09-27 15:40:41
FLIGHT_NUM99,99,2019-09-27 16:40:41
FLIGHT_NUM100,100,2019-09-27 17:40:41
FLIGHT_NUM101,101,2019-09-27 18:40:41
FLIGHT_NUM102,102,2019-09-27 19:40:41
FLIGHT_NUM103,103,2019-09-27 20:40:41
FLIGHT_NUM104,104,2019-09-27 21:40:41
FLIGHT_NUM105,105,2019-09-27 22:40:41
FLIGHT_NUM106,106,2019-09-27 23:40:41
FLIGHT_NUM107,107,2019-09-28 00:40:41
FLIGHT_NUM108,108,2019-09-28 01:40:41
FLIGHT_NUM109,109,2019-09-28 02:40:41
FLIGHT_NUM110,110,2019-09-28 03:40:41
FLIGHT_NUM111,111,2019-09-28 04:40:41
FLIGHT_NUM112,112,2019-09-28 05:40:41
FLIGHT_NUM113,113,2019-09-28 06:40:41
FLIGHT_NUM114,114,2019-09-28 07:40:41
FLIGHT_NUM115,115,2019-09-28 08:40:41
FLIGHT_NUM116,116,2019-09-28 09:40:41
FLIGHT_NUM117,117,2019-09-28 10:40:41
FLIGHT_NUM118,118,2019-09-28 11:40:41
FLIGHT_NUM119,119,2019-09-28 12:40:41
FLIGHT_NUM120,120,2019-09-28 13:40:41
FLIGHT_NUM121,121,2019-09-28 14:40:41
FLIGHT_NUM122,122,2019-09-28 15:40:41
FLIGHT_NUM123,123,2019-09-28 16:40:41
FLIGHT_NUM124,124,2019-09-28 17:40:41
FLIGHT_NUM125,125,2019-09-28 18:40:41
FLIGHT_NUM126,126,2019-09-28 19:40:41
FLIGHT_NUM127,127,2019-09-28 20:40:41
FLIGHT_NUM128,128,2019-09-28 21:40:41
FLIGHT_NUM129,129,2019-09-28 22:40:41
FLIGHT_NUM130,130,2019-09-28 23:40:41
FLIGHT_NUM131,131,2019-09-29 00:40:41
FLIGHT_NUM132,132,2019-09-29 01:40:41
FLIGHT_NUM133,133,2019-09-29 02:40:41
FLIGHT_NUM134,134,2019-09-29 03:40:41
FLIGHT_NUM135,135,2019-09-29 04:40:41
FLIGHT_NUM136,136,2019-09-29 05:40:41
FLIGHT_NUM137,137,2019-09-29 06:40:41
FLIGHT_NUM138,138,2019-09-29 07:40:41
FLIGHT_NUM139,139,2019-09-29 08:40:41
FLIGHT_NUM140,140,2019-09-29 09:40:41
FLIGHT_NUM141,141,2019-09-29 10:40:41
FLIGHT_NUM142,142,2019-09-29 11:40:41
FLIGHT_NUM143,143,2019-09-29 12:40:41
FLIGHT_NUM144,144,2019-09-29 13:40:41
FLIGHT_NUM145,145,2019-09-29 14:40:41
FLIGHT_NUM146,146,2019-09-29 15:40:41
FLIGHT_NUM147,147,2019-09-29 16:40:41
FLIGHT_NUM148,148,2019-09-29 17:40:41
FLIGHT_NUM149,149,2019-09-29 18:40:41
FLIGHT_NUM150,150,2019-09-29 19:40:41
FLIGHT_NUM151,151,2019-09-29 20:40:41
FLIGHT_NUM152,152,2019-09-29 21:40:41
FLIGHT_NUM153,153,2019-09-29 22:40:41
FLIGHT_NUM154,154,2019-09-29 23:40:41
FLIGHT_NUM155,155,2019-09-30 00:40:41
FLIGHT_NUM156,156,2019-09-30 01:40:41
FLIGHT_NUM157,157,2019-09-30 02:40:41
FLIGHT_NUM158,158,2019-09-30 03:40:41
FLIGHT_NUM159,159,2019-09-30 04:40:41
FLIGHT_NUM160,160,2019-09-30 05:40:41
FLIGHT_NUM161,161,2019-09-30 06:40:41
FLIGHT_NUM162,162,2019-09-30 07:40:41
FLIGHT_NUM163,163,2019-09-30 08:40:41
FLIGHT_NUM164,164,2019-09-30 09:40:41
FLIGHT_NUM165,165,2019-09-30 10:40:41
FLIGHT_NUM166,166,2019-09-30 11:40:41
FLIGHT_NUM167,167,2019-09-30 12:40:41
FLIGHT_NUM168,168,2019-09-30 13:40:41
FLIGHT_NUM169,169,2019-09-30 14:40:41
FLIGHT_NUM170,170,2019-09-30 15:40:41
FLIGHT_NUM171,171,2019-09-30 16:40:41
FLIGHT_NUM172,172,2019-09-30 17:40:41
FLIGHT_NUM173,173,2019-09-30 18:40:41
FLIGHT_NUM174,174,2019-09-30 19:40:41
FLIGHT_NUM175,175,2019-09-30 20:40:41
FLIGHT_NUM176,176,2019-09-30 21:40:41
FLIGHT_NUM177,177,2019-09-30 22:40:41
FLIGHT_NUM178,178,2019-09-30 23:40:41
FLIGHT_NUM179,179,2019-10-01 00:40:41
FLIGHT_NUM180,180,2019-10-01 01:40:41
FLIGHT_NUM181,181,2019-10-01 02:40:41
FLIGHT_NUM182,182,2019-10-01 03:40:41
FLIGHT_NUM183,183,2019-10-01 04:40:41
FLIGHT_NUM184,184,2019-10-01 05:40:41
FLIGHT_NUM185,185,2019-10-01 06:40:41
FLIGHT_NUM186,186,2019-10-01 07:40:41
FLIGHT_NUM187,187,2019-10-01 08:40:41
FLIGHT_NUM188,188,2019-10-01 09:40:41
FLIGHT_NUM189,189,2019-10-01 10:40:41
FLIGHT_NUM190,190,2019-10-01 11:40:41
FLIGHT_NUM191,191,2019-10-01 12:40:41
FLIGHT_NUM192,192,2019-10-01 13:40:41
FLIGHT_NUM193,193,2019-10-01 14:40:41
FLIGHT_NUM194,194,2019-10-01 15:40:41
FLIGHT_NUM195,195,2019-10-01 16:40:41
FLIGHT_NUM196,196,2019-10-01 17:40:41
FLIGHT_NUM197,197,2019-10-01 18:40:41
FLIGHT_NUM198,198,2019-10-01 19:40:41
FLIGHT_NUM199,199,2019-10-01 20:40:41
FLIGHT_NUM200,200,2019-10-01 21:40:41
FLIGHT_NUM201,201,2019-10-01 22:40:41
FLIGHT_NUM202,202,2019-10-01 23:40:41
FLIGHT_NUM203,203,2019-10-02 00:40:41
FLIGHT_NUM204,204,2019-10-02 01:40:41
FLIGHT_NUM205,205,2019-10-02 02:40:41
FLIGHT_NUM206,206,2019-10-02 03:40:41
FLIGHT_NUM207,207,2019-10-02 04:40:41
FLIGHT_NUM208,208,2019-10-02 05:40:41
FLIGHT_NUM209,209,2019-10-02 06:40:41
FLIGHT_NUM210,210,2019-10-02 07:40:41
FLIGHT_NUM211,211,2019-10-02 08:40:41
FLIGHT_NUM212,212,2019-10-02 09:40:41
FLIGHT_NUM213,213,2019-10-02 10:40:41
FLIGHT_NUM214,214,2019-10-02 11:40:41
FLIGHT_NUM215,215,2019-10-02 12:40:41
FLIGHT_NUM216,216,2019-10-02 13:40:41
FLIGHT_NUM217,217,2019-10-02 14:40:41
FLIGHT_NUM218,218,2019-10-02 15:40:41
FLIGHT_NUM219,219,2019-10-02 16:40:41
FLIGHT_NUM220,220,2019-10-02 17:40:41
FLIGHT_NUM221,221,2019-10-02 18:40:41
FLIGHT_NUM222,222,2019-10-02 19:40:41
FLIGHT_NUM223,223,2019-10-02 20:40:41
FLIGHT_NUM224,224,2019-10-02 21:40:41
FLIGHT_NUM225,225,2019-10-02 22:40:41
FLIGHT_NUM226,226,2019-10-02 23:40:41
FLIGHT_NUM227,227,2019-10-03 00:40:41
FLIGHT_NUM228,228,2019-10-03 01:40:41
FLIGHT_NUM229,229,2019-10-03 02:40:41
FLIGHT_NUM230,230,2019-10-03 03:40:41
FLIGHT_NUM231,231,2019-10-03 04:40:41
FLIGHT_NUM232,232,2019-10-03 05:40:41
FLIGHT_NUM233,233,2019-10-03 06:40:41
FLIGHT_NUM234,234,2019-10-03 07:40:41
FLIGHT_NUM235,235,2019-10-03 08:40:41
FLIGHT_NUM236,236,2019-10-03 09:40:41
FLIGHT_NUM237,237,2019-10-03 10:40:41
FLIGHT_NUM238,238,2019-10-03 11:40:41
FLIGHT_NUM239,239,2019-10-03 12:40:41
FLIGHT_NUM240,240,2019-10-03 13:40:41
FLIGHT_NUM241,241,2019-10-03 14:40:41
FLIGHT_NUM242,242,2019-10-03 15:40:41
FLIGHT_NUM243,243,2019-10-03 16:40:41
FLIGHT_NUM244,244,2019-10-03 17:40:41
FLIGHT_NUM245,245,2019-10-03 18:40:41
FLIGHT_NUM246,246,2019-10-03 19:40:41
FLIGHT_NUM247,247,2019-10-03 20:40:41
FLIGHT_NUM248,248,2019-10-03 21:40:41
FLIGHT_NUM249,249,2019-10-03 22:40:41
FLIGHT_NUM250,250,2019-10-03 23:40:41
FLIGHT_NUM251,251,2019-10-04 00:40:41
FLIGHT_NUM252,252,2019-10-04 01:40:41
FLIGHT_NUM253,253,2019-10-04 02:40:41
FLIGHT_NUM254,254,2019-10-04 03:40:41
FLIGHT_NUM255,255,2019-10-04 04:40:41
FLIGHT_NUM256,256,2019-10-04 05:40:41
FLIGHT_NUM257,257,2019-10-04 06:40:41
FLIGHT_NUM258,258,2019-10-04 07:40:41
FLIGHT_NUM259,259,2019-10-04 08:40:41
FLIGHT_NUM260,260,2019-10-04 09:40:41
FLIGHT_NUM261,261,2019-10-04 10:40:41
FLIGHT_NUM262,262,2019-10-04 11:40:41
FLIGHT_NUM263,263,2019-10-04 12:40:41
FLIGHT_NUM264,264,2019-10-04 13:40:41
FLIGHT_NUM265,265,2019-10-04 14:40:41
FLIGHT_NUM266,266,2019-10-04 15:40:41
FLIGHT_NUM267,267,2019-10-04 16:40:41
FLIGHT_NUM268,268,2019-10-04 17:40:41
FLIGHT_NUM269,269,2019-10-04 18:40:41
FLIGHT_NUM270,270,2019-10-04 19:40:41
FLIGHT_NUM271,271,2019-10-04 20:40:41
FLIGHT_NUM272,272,2019-10-04 21:40:41
FLIGHT_NUM273,273,2019-10-04 22:40:41
FLIGHT_NUM274,274,2019-10-04 23:40:41
FLIGHT_NUM275,275,2019-10-05 00:40:41
FLIGHT_NUM276,276,2019-10-05 01:40:41
FLIGHT_NUM277,277,2019-10-05 02:40:41
FLIGHT_NUM278,278,2019-10-05 03:40:41
FLIGHT_NUM279,279,2019-10-05 04:40:41
FLIGHT_NUM280,280,2019-10-05 05:40:41
FLIGHT_NUM281,281,2019-10-05 06:40:41
FLIGHT_NUM282,282,2019-10-05 07:40:41
FLIGHT_NUM283,283,2019-10-05 08:40:41
FLIGHT_NUM284,284,2019-10-05 09:40:41
FLIGHT_NUM285,285,2019-10-05 10:40:41
FLIGHT_NUM286,286,2019-10-05 11:40:41
FLIGHT_NUM287,287,2019-10-05 12:40:41
FLIGHT_NUM288,288,2019-10-05 13:40:41
FLIGHT_NUM289,289,2019-10-05 14:40:41
FLIGHT_NUM290,290,2019-10-05 15:40:41
FLIGHT_NUM291,291,2019-10-05 16:40:41
FLIGHT_NUM292,292,2019-10-05 17:40:41
FLIGHT_NUM293,293,2019-10-05 18:40:41
FLIGHT_NUM294,294,2019-10-05 19:40:41
FLIGHT_NUM295,295,2019-10-05 20:40:41
FLIGHT_NUM296,296,2019-10-05 21:40:41
FLIGHT_NUM297,297,2019-10-05 22:40:41
FLIGHT_NUM298,298,2019-10-05 23:40:41
FLIGHT_NUM299,299,2019-10-06 00:40:41
FLIGHT_NUM300,300,2019-10-06 01:40:41
FLIGHT_NUM301,301,2019-10-06 02:40:41
FLIGHT_NUM302,302,2019-10-06 03:40:41
FLIGHT_NUM303,303,2019-10-06 04:40:41
FLIGHT_NUM304,304,2019-10-06 05:40:41
FLIGHT_NUM305,305,2019-10-06 06:40:41
FLIGHT_NUM306,306,2019-10-06 07:40:41
FLIGHT_NUM307,307,2019-10-06 08:40:41
FLIGHT_NUM308,308,2019-10-06 09:40:41
FLIGHT_NUM309,309,2019-10-06 10:40:41
FLIGHT_NUM310,310,2019-10-06 11:40:41
FLIGHT_NUM311,311,2019-10-06 12:40:41
FLIGHT_NUM312,312,2019-10-06 13:40:41
FLIGHT_NUM313,313,2019-10-06 14:40:41
FLIGHT_NUM314,314,2019-10-06 15:40:41
FLIGHT_NUM315,315,2019-10-06 16:40:41
FLIGHT_NUM316,316,2019-10-06 17:40:41
FLIGHT_NUM317,317,2019-10-06 18:40:41
FLIGHT_NUM318,318,2019-10-06 19:40:41
FLIGHT_NUM319,319,2019-10-06 20:40:41
FLIGHT_NUM320,320,2019-10-06 21:40:41
FLIGHT_NUM321,321,2019-10-06 22:40:41
FLIGHT_NUM322,322,2019-10-06 23:40:41
FLIGHT_NUM323,323,2019-10-07 00:40:41
FLIGHT_NUM324,324,2019-10-07 01:40:41
FLIGHT_NUM325,325,2019-10-07 02:40:41
FLIGHT_NUM326,326,2019-10-07 03:40:41
FLIGHT_NUM327,327,2019-10-07 04:40:41
FLIGHT_NUM328,328,2019-10-07 05:40:41
FLIGHT_NUM329,329,2019-10-07 06:40:41
FLIGHT_NUM330,330,2019-10-07 07:40:41
FLIGHT_NUM331,331,2019-10-07 08:40:41
FLIGHT_NUM332,332,2019-10-07 09:40:41
FLIGHT_NUM333,333,2019-10-07 10:40:41
FLIGHT_NUM334,334,2019-10-07 11:40:41
FLIGHT_NUM335,335,2019-10-07 12:40:41
FLIGHT_NUM336,336,2019-10-07 13:40:41
FLIGHT_NUM337,337,2019-10-07 14:40:41
FLIGHT_NUM338,338,2019-10-07 15:40:41
FLIGHT_NUM339,339,2019-10-07 16:40:41
FLIGHT_NUM340,340,2019-10-07 17:40:41
FLIGHT_NUM341,341,2019-10-07 18:40:41
FLIGHT_NUM342,342,2019-10-07 19:40:41
FLIGHT_NUM343,343,2019-10-07 20:40:41
FLIGHT_NUM344,344,2019-10-07 21:40:41
FLIGHT_NUM345,345,2019-10-07 22:40:41
FLIGHT_NUM346,346,2019-10-07 23:40:41
FLIGHT_NUM347,347,2019-10-08 00:40:41
FLIGHT_NUM348,348,2019-10-08 01:40:41
FLIGHT_NUM349,349,2019-10-08 02:40:41
FLIGHT_NUM350,350,2019-10-08 03:40:41
FLIGHT_NUM351,351,2019-10-08 04:40:41
FLIGHT_NUM352,352,2019-10-08 05:40:41
FLIGHT_NUM353,353,2019-10-08 06:40:41
FLIGHT_NUM354,354,2019-10-08 07:40:41
FLIGHT_NUM355,355,2019-10-08 08:40:41
FLIGHT_NUM356,356,2019-10-08 09:40:41
FLIGHT_NUM357,357,2019-10-08 10:40:41
FLIGHT_NUM358,358,2019-10-08 11:40:41
FLIGHT_NUM359,359,2019-10-08 12:40:41
FLIGHT_NUM360,360,2019-10-08 13:40:41
FLIGHT_NUM361,361,2019-10-08 14:40:41
FLIGHT_NUM362,362,2019-10-08 15:40:41
FLIGHT_NUM363,363,2019-10-08 16:40:41
FLIGHT_NUM364,364,2019-10-08 17:40:41
FLIGHT_NUM365,365,2019-10-08 18:40:41
FLIGHT_NUM366,366,2019-10-08 19:40:41
FLIGHT_NUM367,367,2019-10-08 20:40:41
FLIGHT_NUM368,368,2019-10-08 21:40:41
FLIGHT_NUM369,369,2019-10-08 22:40:41
FLIGHT_NUM370,370,2019-10-08 23:40:41
FLIGHT_NUM371,371,2019-10-09 00:40:41
FLIGHT_NUM372,372,2019-10-09 01:40:41
FLIGHT_NUM373,373,2019-10-09 02:40:41
FLIGHT_NUM374,374,2019-10-09 03:40:41
FLIGHT_NUM375,375,2019-10-09 04:40:41
FLIGHT_NUM376,376,2019-10-09 05:40:41
FLIGHT_NUM377,377,2019-10-09 06:40:41
FLIGHT_NUM378,378,2019-10-09 07:40:41
FLIGHT_NUM379,379,2019-10-09 08:40:41
FLIGHT_NUM380,380,2019-10-09 09:40:41
FLIGHT_NUM381,381,2019-10-09 10:40:41
FLIGHT_NUM382,382,2019-10-09 11:40:41
FLIGHT_NUM383,383,2019-10-09 12:40:41
FLIGHT_NUM384,384,2019-10-09 13:40:41
FLIGHT_NUM385,385,2019-10-09 14:40:41
FLIGHT_NUM386,386,2019-10-09 15:40:41
FLIGHT_NUM387,387,2019-10-09 16:40:41
FLIGHT_NUM388,388,2019-10-09 17:40:41
FLIGHT_NUM389,389,2019-10-09 18:40:41
FLIGHT_NUM390,390,2019-10-09 19:40:41
FLIGHT_NUM391,391,2019-10-09 20:40:41
FLIGHT_NUM392,392,2019-10-09 21:40:41
FLIGHT_NUM393,393,2019-10-09 22:40:41
FLIGHT_NUM394,394,2019-10-09 23:40:41
FLIGHT_NUM395,395,2019-10-10 00:40:41
FLIGHT_NUM396,396,2019-10-10 01:40:41
FLIGHT_NUM397,397,2019-10-10 02:40:41
FLIGHT_NUM398,398,2019-10-10 03:40:41
FLIGHT_NUM399,399,2019-10-10 04:40:41
FLIGHT_NUM400,400,2019-10-10 05:40:41
FLIGHT_NUM401,401,2019-10-10 06:40:41
FLIGHT_NUM402,402,2019-10-10 07:40:41
FLIGHT_NUM403,403,2019-10-10 08:40:41
FLIGHT_NUM404,404,2019-10-10 09:40:41
FLIGHT_NUM405,405,2019-10-10 10:40:41
FLIGHT_NUM406,406,2019-10-10 11:40:41
FLIGHT_NUM407,407,2019-10-10 12:40:41
FLIGHT_NUM408,408,2019-10-10 13:40:41
FLIGHT_NUM409,409,2019-10-10 14:40:41
FLIGHT_NUM410,410,2019-10-10 15:40:41
FLIGHT_NUM411,411,2019-10-10 16:40:41
FLIGHT_NUM412,412,2019-10-10 17:40:41
FLIGHT_NUM413,413,2019-10-10 18:40:41
FLIGHT_NUM414,414,2019-10-10 19:40:41
FLIGHT_NUM415,415,2019-10-10 20:40:41
FLIGHT_NUM416,416,2019-10-10 21:40:41
FLIGHT_NUM417,417,2019-10-10 22:40:41
FLIGHT_NUM418,418,2019-10-10 23:40:41
FLIGHT_NUM419,419,2019-10-11 00:40:41
FLIGHT_NUM420,420,2019-10-11 01:40:41
FLIGHT_NUM421,421,2019-10-11 02:40:41
FLIGHT_NUM422,422,2019-10-11 03:40:41
FLIGHT_NUM423,423,2019-10-11 04:40:41
FLIGHT_NUM424,424,2019-10-11 05:40:41
FLIGHT_NUM425,425,2019-10-11 06:40:41
FLIGHT_NUM426,426,2019-10-11 07:40:41
FLIGHT_NUM427,427,2019-10-11 08:40:41
FLIGHT_NUM428,428,2019-10-11 09:40:41
FLIGHT_NUM429,429,2019-10-11 10:40:41
FLIGHT_NUM430,430,2019-10-11 11:40:41
FLIGHT_NUM431,431,2019-10-11 12:40:41
FLIGHT_NUM432,432,2019-10-11 13:40:41
FLIGHT_NUM433,433,2019-10-11 14:40:41
FLIGHT_NUM434,434,2019-10-11 15:40:41
FLIGHT_NUM435,435,2019-10-11 16:40:41
FLIGHT_NUM436,436,2019-10-11 17:40:41
FLIGHT_NUM437,437,2019-10-11 18:40:41
FLIGHT_NUM438,438,2019-10-11 19:40:41
FLIGHT_NUM439,439,2019-10-11 20:40:41
FLIGHT_NUM440,440,2019-10-11 21:40:41
FLIGHT_NUM441,441,2019-10-11 22:40:41
FLIGHT_NUM442,442,2019-10-11 23:40:41
FLIGHT_NUM443,443,2019-10-12 00:40:41
FLIGHT_NUM444,444,2019-10-12 01:40:41
FLIGHT_NUM445,445,2019-10-12 02:40:41
FLIGHT_NUM446,446,2019-10-12 03:40:41
FLIGHT_NUM447,447,2019-10-12 04:40:41
FLIGHT_NUM448,448,2019-10-12 05:40:41
FLIGHT_NUM449,449,2019-10-12 06:40:41
FLIGHT_NUM450,450,2019-10-12 07:40:41
FLIGHT_NUM451,451,2019-10-12 08:40:41
FLIGHT_NUM452,452,2019-10-12 09:40:41
FLIGHT_NUM453,453,2019-10-12 10:40:41
FLIGHT_NUM454,454,2019-10-12 11:40:41
FLIGHT_NUM455,455,2019-10-12 12:40:41
FLIGHT_NUM456,456,2019-10-12 13:40:41
FLIGHT_NUM457,457,2019-10-12 14:40:41
FLIGHT_NUM458,458,2019-10-12 15:40:41
FLIGHT_NUM459,459,2019-10-12 16:40:41
FLIGHT_NUM460,460,2019-10-12 17:40:41
FLIGHT_NUM461,461,2019-10-12 18:40:41
FLIGHT_NUM462,462,2019-10-12 19:40:41
FLIGHT_NUM463,463,2019-10-12 20:40:41
FLIGHT_NUM464,464,2019-10-12 21:40:41
FLIGHT_NUM465,465,2019-10-12 22:40:41
FLIGHT_NUM466,466,2019-10-12 23:40:41
FLIGHT_NUM467,467,2019-10-13 00:40:41
FLIGHT_NUM468,468,2019-10-13 01:40:41
FLIGHT_NUM469,469,2019-10-13 02:40:41
FLIGHT_NUM470,470,2019-10-13 03:40:41
FLIGHT_NUM471,471,2019-10-13 04:40:41
FLIGHT_NUM472,472,2019-10-13 05:40:41
FLIGHT_NUM473,473,2019-10-13 06:40:41
FLIGHT_NUM474,474,2019-10-13 07:40:41
FLIGHT_NUM475,475,2019-10-13 08:40:41
FLIGHT_NUM476,476,2019-10-13 09:40:41
FLIGHT_NUM477,477,2019-10-13 10:40:41
FLIGHT_NUM478,478,2019-10-13 11:40:41
FLIGHT_NUM479,479,2019-10-13 12:40:41
FLIGHT_NUM480,480,2019-10-13 13:40:41
FLIGHT_NUM481,481,2019-10-13 14:40:41
FLIGHT_NUM482,482,2019-10-13 15:40:41
FLIGHT_NUM483,483,2019-10-13 16:40:41
FLIGHT_NUM484,484,2019-10-13 17:40:41
FLIGHT_NUM485,485,2019-10-13 18:40:41
FLIGHT_NUM486,486,2019-10-13 19:40:41
FLIGHT_NUM487,487,2019-10-13 20:40:41
FLIGHT_NUM488,488,2019-10-13 21:40:41
FLIGHT_NUM489,489,2019-10-13 22:40:41
FLIGHT_NUM490,490,2019-10-13 23:40:41
FLIGHT_NUM491,491,2019-10-14 00:40:41
FLIGHT_NUM492,492,2019-10-14 01:40:41
FLIGHT_NUM493,493,2019-10-14 02:40:41
FLIGHT_NUM494,494,2019-10-14 03:40:41
FLIGHT_NUM495,495,2019-10-14 04:40:41
FLIGHT_NUM496,496,2019-10-14 05:40:41
FLIGHT_NUM497,497,2019-10-14 06:40:41
FLIGHT_NUM498,498,2019-10-14 07:40:41
FLIGHT_NUM499,499,2019-10-14 08:40:41
FLIGHT_NUM500,500,2019-10-14 09:40:41
FLIGHT_NUM501,501,2019-10-14 10:40:41
FLIGHT_NUM502,502,2019-10-14 11:40:41
FLIGHT_NUM503,503,2019-10-14 12:40:41
FLIGHT_NUM504,504,2019-10-14 13:40:41
FLIGHT_NUM505,505,2019-10-14 14:40:41
FLIGHT_NUM506,506,2019-10-14 15:40:41
FLIGHT_NUM507,507,2019-10-14 16:40:41
FLIGHT_NUM508,508,2019-10-14 17:40:41
FLIGHT_NUM509,509,2019-10-14 18:40:41
FLIGHT_NUM510,510,2019-10-14 19:40:41
FLIGHT_NUM511,511,2019-10-14 20:40:41
FLIGHT_NUM512,512,2019-10-14 21:40:41
FLIGHT_NUM513,513,2019-10-14 22:40:41
FLIGHT_NUM514,514,2019-10-14 23:40:41
FLIGHT_NUM515,515,2019-10-15 00:40:41
FLIGHT_NUM516,516,2019-10-15 01:40:41
FLIGHT_NUM517,517,2019-10-15 02:40:41
FLIGHT_NUM518,518,2019-10-15 03:40:41
FLIGHT_NUM519,519,2019-10-15 04:40:41
FLIGHT_NUM520,520,2019-10-15 05:40:41
FLIGHT_NUM521,521,2019-10-15 06:40:41
FLIGHT_NUM522,522,2019-10-15 07:40:41
FLIGHT_NUM523,523,2019-10-15 08:40:41
FLIGHT_NUM524,524,2019-10-15 09:40:41
FLIGHT_NUM525,525,2019-10-15 10:40:41
FLIGHT_NUM526,526,2019-10-15 11:40:41
FLIGHT_NUM527,527,2019-10-15 12:40:41
FLIGHT_NUM528,528,2019-10-15 13:40:41
FLIGHT_NUM529,529,2019-10-15 14:40:41
FLIGHT_NUM530,530,2019-10-15 15:40:41
FLIGHT_NUM531,531,2019-10-15 16:40:41
FLIGHT_NUM532,532,2019-10-15 17:40:41
FLIGHT_NUM533,533,2019-10-15 18:40:41
FLIGHT_NUM534,534,2019-10-15 19:40:41
FLIGHT_NUM535,535,2019-10-15 20:40:41
FLIGHT_NUM536,536,2019-10-15 21:40:41
FLIGHT_NUM537,537,2019-10-15 22:40:41
FLIGHT_NUM538,538,2019-10-15 23:40:41
FLIGHT_NUM539,539,2019-10-16 00:40:41
FLIGHT_NUM540,540,2019-10-16 01:40:41
FLIGHT_NUM541,541,2019-10-16 02:40:41
FLIGHT_NUM542,542,2019-10-16 03:40:41
FLIGHT_NUM543,543,2019-10-16 04:40:41
FLIGHT_NUM544,544,2019-10-16 05:40:41
FLIGHT_NUM545,545,2019-10-16 06:40:41
FLIGHT_NUM546,546,2019-10-16 07:40:41
FLIGHT_NUM547,547,2019-10-16 08:40:41
FLIGHT_NUM548,548,2019-10-16 09:40:41
FLIGHT_NUM549,549,2019-10-16 10:40:41
FLIGHT_NUM550,550,2019-10-16 11:40:41
FLIGHT_NUM551,551,2019-10-16 12:40:41
FLIGHT_NUM552,552,2019-10-16 13:40:41
FLIGHT_NUM553,553,2019-10-16 14:40:41
FLIGHT_NUM554,554,2019-10-16 15:40:41
FLIGHT_NUM555,555,2019-10-16 16:40:41
FLIGHT_NUM556,556,2019-10-16 17:40:41
FLIGHT_NUM557,557,2019-10-16 18:40:41
FLIGHT_NUM558,558,2019-10-16 19:40:41
FLIGHT_NUM559,559,2019-10-16 20:40:41
FLIGHT_NUM560,560,2019-10-16 21:40:41
FLIGHT_NUM561,561,2019-10-16 22:40:41
FLIGHT_NUM562,562,2019-10-16 23:40:41
FLIGHT_NUM563,563,2019-10-17 00:40:41
FLIGHT_NUM564,564,2019-10-17 01:40:41
FLIGHT_NUM565,565,2019-10-17 02:40:41
FLIGHT_NUM566,566,2019-10-17 03:40:41
FLIGHT_NUM567,567,2019-10-17 04:40:41
FLIGHT_NUM568,568,2019-10-17 05:40:41
FLIGHT_NUM569,569,2019-10-17 06:40:41
FLIGHT_NUM570,570,2019-10-17 07:40:41
FLIGHT_NUM571,571,2019-10-17 08:40:41
FLIGHT_NUM572,572,2019-10-17 09:40:41
FLIGHT_NUM573,573,2019-10-17 10:40:41
FLIGHT_NUM574,574,2019-10-17 11:40:41
FLIGHT_NUM575,575,2019-10-17 12:40:41
FLIGHT_NUM576,576,2019-10-17 13:40:41
FLIGHT_NUM577,577,2019-10-17 14:40:41
FLIGHT_NUM578,578,2019-10-17 15:40:41
FLIGHT_NUM579,579,2019-10-17 16:40:41
FLIGHT_NUM580,580,2019-10-17 17:40:41
FLIGHT_NUM581,581,2019-10-17 18:40:41
FLIGHT_NUM582,582,2019-10-17 19:40:41
FLIGHT_NUM583,583,2019-10-17 20:40:41
FLIGHT_NUM584,584,2019-10-17 21:40:41
FLIGHT_NUM585,585,2019-10-17 22:40:41
FLIGHT_NUM586,586,2019-10-17 23:40:41
FLIGHT_NUM587,587,2019-10-18 00:40:41
FLIGHT_NUM588,588,2019-10-18 01:40:41
FLIGHT_NUM589,589,2019-10-18 02:40:41
FLIGHT_NUM590,590,2019-10-18 03:40:41
FLIGHT_NUM591,591,2019-10-18 04:40:41
FLIGHT_NUM592,592,2019-10-18 05:40:41
FLIGHT_NUM593,593,2019-10-18 06:40:41
FLIGHT_NUM594,594,2019-10-18 07:40:41
FLIGHT_NUM595,595,2019-10-18 08:40:41
FLIGHT_NUM596,596,2019-10-18 09:40:41
FLIGHT_NUM597,597,2019-10-18 10:40:41
FLIGHT_NUM598,598,2019-10-18 11:40:41
FLIGHT_NUM599,599,2019-10-18 12:40:41
FLIGHT_NUM600,600,2019-10-18 13:40:41
FLIGHT_NUM601,601,2019-10-18 14:40:41
FLIGHT_NUM602,602,2019-10-18 15:40:41
FLIGHT_NUM603,603,2019-10-18 16:40:41
FLIGHT_NUM604,604,2019-10-18 17:40:41
FLIGHT_NUM605,605,2019-10-18 18:40:41
FLIGHT_NUM606,606,2019-10-18 19:40:41
FLIGHT_NUM607,607,2019-10-18 20:40:41
FLIGHT_NUM608,608,2019-10-18 21:40:41
FLIGHT_NUM609,609,2019-10-18 22:40:41
FLIGHT_NUM610,610,2019-10-18 23:40:41
FLIGHT_NUM611,611,2019-10-19 00:40:41
FLIGHT_NUM612,612,2019-10-19 01:40:41
FLIGHT_NUM613,613,2019-10-19 02:40:41
FLIGHT_NUM614,614,2019-10-19 03:40:41
FLIGHT_NUM615,615,2019-10-19 04:40:41
FLIGHT_NUM616,616,2019-10-19 05:40:41
FLIGHT_NUM617,617,2019-10-19 06:40:41
FLIGHT_NUM618,618,2019-10-19 07:40:41
FLIGHT_NUM619,619,2019-10-19 08:40:41
FLIGHT_NUM620,620,2019-10-19 09:40:41
FLIGHT_NUM621,621,2019-10-19 10:40:41
FLIGHT_NUM622,622,2019-10-19 11:40:41
FLIGHT_NUM623,623,2019-10-19 12:40:41
FLIGHT_NUM624,624,2019-10-19 13:40:41
FLIGHT_NUM625,625,2019-10-19 14:40:41
FLIGHT_NUM626,626,2019-10-19 15:40:41
FLIGHT_NUM627,627,2019-10-19 16:40:41
FLIGHT_NUM628,628,2019-10-19 17:40:41
FLIGHT_NUM629,629,2019-10-19 18:40:41
FLIGHT_NUM630,630,2019-10-19 19:40:41
FLIGHT_NUM631,631,2019-10-19 20:40:41
FLIGHT_NUM632,632,2019-10-19 21:40:41
FLIGHT_NUM633,633,2019-10-19 22:40:41
FLIGHT_NUM634,634,2019-10-19 23:40:41
FLIGHT_NUM635,635,2019-10-20 00:40:41
FLIGHT_NUM636,636,2019-10-20 01:40:41
FLIGHT_NUM637,637,2019-10-20 02:40:41
FLIGHT_NUM638,638,2019-10-20 03:40:41
FLIGHT_NUM639,639,2019-10-20 04:40:41
FLIGHT_NUM640,640,2019-10-20 05:40:41
FLIGHT_NUM641,641,2019-10-20 06:40:41
FLIGHT_NUM642,642,2019-10-20 07:40:41
FLIGHT_NUM643,643,2019-10-20 08:40:41
FLIGHT_NUM644,644,2019-10-20 09:40:41
FLIGHT_NUM645,645,2019-10-20 10:40:41
FLIGHT_NUM646,646,2019-10-20 11:40:41
FLIGHT_NUM647,647,2019-10-20 12:40:41
FLIGHT_NUM648,648,2019-10-20 13:40:41
FLIGHT_NUM649,649,2019-10-20 14:40:41
FLIGHT_NUM650,650,2019-10-20 15:40:41
FLIGHT_NUM651,651,2019-10-20 16:40:41
FLIGHT_NUM652,652,2019-10-20 17:40:41
FLIGHT_NUM653,653,2019-10-20 18:40:41
FLIGHT_NUM654,654,2019-10-20 19:40:41
FLIGHT_NUM655,655,2019-10-20 20:40:41
FLIGHT_NUM656,656,2019-10-20 21:40:41
FLIGHT_NUM657,657,2019-10-20 22:40:41
FLIGHT_NUM658,658,2019-10-20 23:40:41
FLIGHT_NUM659,659,2019-10-21 00:40:41
FLIGHT_NUM660,660,2019-10-21 01:40:41
FLIGHT_NUM661,661,2019-10-21 02:40:41
FLIGHT_NUM662,662,2019-10-21 03:40:41
FLIGHT_NUM663,663,2019-10-21 04:40:41
FLIGHT_NUM664,664,2019-10-21 05:40:41
FLIGHT_NUM665,665,2019-10-21 06:40:41
FLIGHT_NUM666,666,2019-10-21 07:40:41
FLIGHT_NUM667,667,2019-10-21 08:40:41
FLIGHT_NUM668,668,2019-10-21 09:40:41
FLIGHT_NUM669,669,2019-10-21 10:40:41
FLIGHT_NUM670,670,2019-10-21 11:40:41
FLIGHT_NUM671,671,2019-10-21 12:40:41
FLIGHT_NUM672,672,2019-10-21 13:40:41
FLIGHT_NUM673,673,2019-10-21 14:40:41
FLIGHT_NUM674,674,2019-10-21 15:40:41
FLIGHT_NUM675,675,2019-10-21 16:40:41
FLIGHT_NUM676,676,2019-10-21 17:40:41
FLIGHT_NUM677,677,2019-10-21 18:40:41
FLIGHT_NUM678,678,2019-10-21 19:40:41
FLIGHT_NUM679,679,2019-10-21 20:40:41
FLIGHT_NUM680,680,2019-10-21 21:40:41
FLIGHT_NUM681,681,2019-10-21 22:40:41
FLIGHT_NUM682,682,2019-10-21 23:40:41
FLIGHT_NUM683,683,2019-10-22 00:40:41
FLIGHT_NUM684,684,2019-10-22 01:40:41
FLIGHT_NUM685,685,2019-10-22 02:40:41
FLIGHT_NUM686,686,2019-10-22 03:40:41
FLIGHT_NUM687,687,2019-10-22 04:40:41
FLIGHT_NUM688,688,2019-10-22 05:40:41
FLIGHT_NUM689,689,2019-10-22 06:40:41
FLIGHT_NUM690,690,2019-10-22 07:40:41
FLIGHT_NUM691,691,2019-10-22 08:40:41
FLIGHT_NUM692,692,2019-10-22 09:40:41
FLIGHT_NUM693,693,2019-10-22 10:40:41
FLIGHT_NUM694,694,2019-10-22 11:40:41
FLIGHT_NUM695,695,2019-10-22 12:40:41
FLIGHT_NUM696,696,2019-10-22 13:40:41
FLIGHT_NUM697,697,2019-10-22 14:40:41
FLIGHT_NUM698,698,2019-10-22 15:40:41
FLIGHT_NUM699,699,2019-10-22 16:40:41
FLIGHT_NUM700,700,2019-10-22 17:40:41
FLIGHT_NUM701,701,2019-10-22 18:40:41
FLIGHT_NUM702,702,2019-10-22 19:40:41
FLIGHT_NUM703,703,2019-10-22 20:40:41
FLIGHT_NUM704,704,2019-10-22 21:40:41
FLIGHT_NUM705,705,2019-10-22 22:40:41
FLIGHT_NUM706,706,2019-10-22 23:40:41
FLIGHT_NUM707,707,2019-10-23 00:40:41
FLIGHT_NUM708,708,2019-10-23 01:40:41
FLIGHT_NUM709,709,2019-10-23 02:40:41
