FLIGHT_NUM595,595,2019-10-18 08:40:41,9,595
FLIGHT_NUM596,596,2019-10-18 09:40:41,8,596
FLIGHT_NUM597,597,2019-10-18 10:40:41,6,597
FLIGHT_NUM598,598,2019-10-18 11:40:41,5,598
FLIGHT_NUM599,599,2019-10-18 12:40:41,5,599
FLIGHT_NUM600,600,2019-10-18 13:40:41,10,600
FLIGHT_NUM601,601,2019-10-18 14:40:41,6,601
FLIGHT_NUM602,602,2019-10-18 15:40:41,7,602
FLIGHT_NUM603,603,2019-10-18 16:40:41,1,603
FLIGHT_NUM604,604,2019-10-18 17:40:41,0,604
FLIGHT_NUM605,605,2019-10-18 18:40:41,1,605
FLIGHT_NUM606,606,2019-10-18 19:40:41,3,606
FLIGHT_NUM607,607,2019-10-18 20:40:41,7,607
FLIGHT_NUM608,608,2019-10-18 21:40:41,2,608
FLIGHT_NUM609,609,2019-10-18 22:40:41,2,609
FLIGHT_NUM610,610,2019-10-18 23:40:41,6,610
FLIGHT_NUM611,611,2019-10-19 00:40:41,8,611
FLIGHT_NUM612,612,2019-10-19 01:40:41,10,612
FLIGHT_NUM613,613,2019-10-19 02:40:41,0,613
FLIGHT_NUM614,614,2019-10-19 03:40:41,3,614
FLIGHT_NUM615,615,2019-10-19 04:40:41,6,615
FLIGHT_NUM616,616,2019-10-19 05:40:41,3,616
FLIGHT_NUM617,617,2019-10-19 06:40:41,3,617
FLIGHT_NUM618,618,2019-10-19 07:40:41,8,618
FLIGHT_NUM619,619,2019-10-19 08:40:41,10,619
FLIGHT_NUM620,620,2019-10-19 09:40:41,5,620
FLIGHT_NUM621,621,2019-10-19 10:40:41,2,621
FLIGHT_NUM622,622,2019-10-19 11:40:41,5,622
FLIGHT_NUM623,623,2019-10-19 12:40:41,4,623
FLIGHT_NUM624,624,2019-10-19 13:40:41,1,624
FLIGHT_NUM625,625,2019-10-19 14:40:41,6,625
FLIGHT_NUM626,626,2019-10-19 15:40:41,10,626
FLIGHT_NUM627,627,2019-10-19 16:40:41,3,627
FLIGHT_NUM628,628,2019-10-19 17:40:41,5,628
FLIGHT_NUM629,629,2019-10-19 18:40:41,3,629
FLIGHT_NUM630,630,2019-10-19 19:40:41,8,630
FLIGHT_NUM631,631,2019-10-19 20:40:41,10,631
FLIGHT_NUM632,632,2019-10-19 21:40:41,1,632
FLIGHT_NUM633,633,2019-10-19 22:40:41,0,633
FLIGHT_NUM634,634,2019-10-19 23:40:41,8,634
FLIGHT_NUM635,635,2019-10-20 00:40:41,1,635
FLIGHT_NUM636,636,2019-10-20 01:40:41,10,636
FLIGHT_NUM637,637,2019-10-20 02:40:41,4,637
FLIGHT_NUM638,638,2019-10-20 03:40:41,4,638
FLIGHT_NUM639,639,2019-10-20 04:40:41,3,639
FLIGHT_NUM640,640,2019-10-20 05:40:41,7,640
FLIGHT_NUM641,641,2019-10-20 06:40:41,5,641
FLIGHT_NUM642,642,2019-10-20 07:40:41,1,642
FLIGHT_NUM643,643,2019-10-20 08:40:41,2,643
FLIGHT_NUM644,644,2019-10-20 09:40:41,7,644
FLIGHT_NUM645,645,2019-10-20 10:40:41,9,645
FLIGHT_NUM646,646,2019-10-20 11:40:41,0,646
FLIGHT_NUM647,647,2019-10-20 12:40:41,5,647
FLIGHT_NUM648,648,2019-10-20 13:40:41,9,648
FLIGHT_NUM649,649,2019-10-20 14:40:41,1,649
FLIGHT_NUM650,650,2019-10-20 15:40:41,4,650
FLIGHT_NUM651,651,2019-10-20 16:40:41,6,651
FLIGHT_NUM652,652,2019-10-20 17:40:41,5,652
FLIGHT_NUM653,653,2019-10-20 18:40:41,7,653
FLIGHT_NUM654,654,2019-10-20 19:40:41,4,654
FLIGHT_NUM655,655,2019-10-20 20:40:41,9,655
FLIGHT_NUM656,656,2019-10-20 21:40:41,4,656
FLIGHT_NUM657,657,2019-10-20 22:40:41,5,657
FLIGHT_NUM658,658,2019-10-20 23:40:41,0,658
FLIGHT_NUM659,659,2019-10-21 00:40:41,6,659
FLIGHT_NUM660,660,2019-10-21 01:40:41,9,660
FLIGHT_NUM661,661,2019-10-21 02:40:41,1,661
FLIGHT_NUM662,662,2019-10-21 03:40:41,3,662
FLIGHT_NUM663,663,2019-10-21 04:40:41,5,663
FLIGHT_NUM664,664,2019-10-21 05:40:41,2,664
FLIGHT_NUM665,665,2019-10-21 06:40:41,1,665
FLIGHT_NUM666,666,2019-10-21 07:40:41,8,666
FLIGHT_NUM667,667,2019-10-21 08:40:41,0,667
FLIGHT_NUM668,668,2019-10-21 09:40:41,1,668
FLIGHT_NUM669,669,2019-10-21 10:40:41,5,669
FLIGHT_NUM670,670,2019-10-21 11:40:41,4,670
FLIGHT_NUM671,671,2019-10-21 12:40:41,1,671
FLIGHT_NUM672,672,2019-10-21 13:40:41,4,672
FLIGHT_NUM673,673,2019-10-21 14:40:41,2,673
FLIGHT_NUM674,674,2019-10-21 15:40:41,8,674
FLIGHT_NUM675,675,2019-10-21 16:40:41,3,675
FLIGHT_NUM676,676,2019-10-21 17:40:41,7,676
FLIGHT_NUM677,677,2019-10-21 18:40:41,6,677
FLIGHT_NUM678,678,2019-10-21 19:40:41,6,678
FLIGHT_NUM679,679,2019-10-21 20:40:41,1,679
FLIGHT_NUM680,680,2019-10-21 21:40:41,0,680
FLIGHT_NUM681,681,2019-10-21 22:40:41,2,681
FLIGHT_NUM682,682,2019-10-21 23:40:41,4,682
FLIGHT_NUM683,683,2019-10-22 00:40:41,9,683
FLIGHT_NUM684,684,2019-10-22 01:40:41,4,684
FLIGHT_NUM685,685,2019-10-22 02:40:41,10,685
FLIGHT_NUM686,686,2019-10-22 03:40:41,2,686
FLIGHT_NUM687,687,2019-10-22 04:40:41,2,687
FLIGHT_NUM688,688,2019-10-22 05:40:41,0,688
FLIGHT_NUM689,689,2019-10-22 06:40:41,4,689
FLIGHT_NUM690,690,2019-10-22 07:40:41,1,690
FLIGHT_NUM691,691,2019-10-22 08:40:41,7,691
FLIGHT_NUM692,692,2019-10-22 09:40:41,3,692
FLIGHT_NUM693,693,2019-10-22 10:40:41,2,693
FLIGHT_NUM694,694,2019-10-22 11:40:41,1,694
FLIGHT_NUM695,695,2019-10-22 12:40:41,5,695
FLIGHT_NUM696,696,2019-10-22 13:40:41,6,696
FLIGHT_NUM697,697,2019-10-22 14:40:41,2,697
FLIGHT_NUM698,698,2019-10-22 15:40:41,4,698
FLIGHT_NUM699,699,2019-10-22 16:40:41,9,699
FLIGHT_NUM700,700,2019-10-22 17:40:41,3,700
FLIGHT_NUM701,701,2019-10-22 18:40:41,9,701
FLIGHT_NUM702,702,2019-10-22 19:40:41,5,702
FLIGHT_NUM703,703,2019-10-22 20:40:41,0,703
FLIGHT_NUM704,704,2019-10-22 21:40:41,3,704
FLIGHT_NUM705,705,2019-10-22 22:40:41,0,705
FLIGHT_NUM706,706,2019-10-22 23:40:41,0,706
FLIGHT_NUM707,707,2019-10-23 00:40:41,8,707
FLIGHT_NUM708,708,2019-10-23 01:40:41,9,708
FLIGHT_NUM709,709,2019-10-23 02:40:41,9,709
FLIGHT_NUM710,710,2019-10-23 03:40:41,2,710
FLIGHT_NUM711,711,2019-10-23 04:40:41,4,711
FLIGHT_NUM712,712,2019-10-23 05:40:41,10,712
FLIGHT_NUM713,713,2019-10-23 06:40:41,9,713
FLIGHT_NUM714,714,2019-10-23 07:40:41,7,714
FLIGHT_NUM715,715,2019-10-23 08:40:41,9,715
FLIGHT_NUM716,716,2019-10-23 09:40:41,2,716
FLIGHT_NUM717,717,2019-10-23 10:40:41,1,717
FLIGHT_NUM718,718,2019-10-23 11:40:41,9,718
FLIGHT_NUM719,719,2019-10-23 12:40:41,2,719
FLIGHT_NUM720,720,2019-10-23 13:40:41,8,720
FLIGHT_NUM721,721,2019-10-23 14:40:41,0,721
FLIGHT_NUM722,722,2019-10-23 15:40:41,6,722
FLIGHT_NUM723,723,2019-10-23 16:40:41,4,723
FLIGHT_NUM724,724,2019-10-23 17:40:41,10,724
FLIGHT_NUM725,725,2019-10-23 18:40:41,6,725
FLIGHT_NUM726,726,2019-10-23 19:40:41,5,726
FLIGHT_NUM727,727,2019-10-23 20:40:41,10,727
FLIGHT_NUM728,728,2019-10-23 21:40:41,9,728
FLIGHT_NUM729,729,2019-10-23 22:40:41,5,729
FLIGHT_NUM730,730,2019-10-23 23:40:41,7,730
FLIGHT_NUM731,731,2019-10-24 00:40:41,0,731
FLIGHT_NUM732,732,2019-10-24 01:40:41,3,732
FLIGHT_NUM733,733,2019-10-24 02:40:41,4,733
FLIGHT_NUM734,734,2019-10-24 03:40:41,4,734
FLIGHT_NUM735,735,2019-10-24 04:40:41,3,735
FLIGHT_NUM736,736,2019-10-24 05:40:41,10,736
FLIGHT_NUM737,737,2019-10-24 06:40:41,6,737
FLIGHT_NUM738,738,2019-10-24 07:40:41,0,738
FLIGHT_NUM739,739,2019-10-24 08:40:41,1,739
FLIGHT_NUM740,740,2019-10-24 09:40:41,7,740
FLIGHT_NUM741,741,2019-10-24 10:40:41,7,741
FLIGHT_NUM742,742,2019-10-24 11:40:41,7,742
FLIGHT_NUM743,743,2019-10-24 12:40:41,5,743
FLIGHT_NUM744,744,2019-10-24 13:40:41,9,744
FLIGHT_NUM745,745,2019-10-24 14:40:41,0,745
FLIGHT_NUM746,746,2019-10-24 15:40:41,3,746
FLIGHT_NUM747,747,2019-10-24 16:40:41,5,747
FLIGHT_NUM748,748,2019-10-24 17:40:41,2,748
FLIGHT_NUM749,749,2019-10-24 18:40:41,1,749
FLIGHT_NUM750,750,2019-10-24 19:40:41,5,750
FLIGHT_NUM751,751,2019-10-24 20:40:41,7,751
FLIGHT_NUM752,752,2019-10-24 21:40:41,3,752
FLIGHT_NUM753,753,2019-10-24 22:40:41,0,753
FLIGHT_NUM754,754,2019-10-24 23:40:41,0,754
FLIGHT_NUM755,755,2019-10-25 00:40:41,8,755
FLIGHT_NUM756,756,2019-10-25 01:40:41,9,756
FLIGHT_NUM757,757,2019-10-25 02:40:41,5,757
FLIGHT_NUM758,758,2019-10-25 03:40:41,3,758
FLIGHT_NUM759,759,2019-10-25 04:40:41,3,759
FLIGHT_NUM760,760,2019-10-25 05:40:41,8,760
FLIGHT_NUM761,761,2019-10-25 06:40:41,8,761
FLIGHT_NUM762,762,2019-10-25 07:40:41,7,762
FLIGHT_NUM763,763,2019-10-25 08:40:41,3,763
FLIGHT_NUM764,764,2019-10-25 09:40:41,1,764
FLIGHT_NUM765,765,2019-10-25 10:40:41,6,765
FLIGHT_NUM766,766,2019-10-25 11:40:41,7,766
FLIGHT_NUM767,767,2019-10-25 12:40:41,5,767
FLIGHT_NUM768,768,2019-10-25 13:40:41,4,768
FLIGHT_NUM769,769,2019-10-25 14:40:41,6,769
FLIGHT_NUM770,770,2019-10-25 15:40:41,10,770
FLIGHT_NUM771,771,2019-10-25 16:40:41,10,771
FLIGHT_NUM772,772,2019-10-25 17:40:41,1,772
FLIGHT_NUM773,773,2019-10-25 18:40:41,0,773
FLIGHT_NUM774,774,2019-10-25 19:40:41,8,774
FLIGHT_NUM775,775,2019-10-25 20:40:41,4,775
FLIGHT_NUM776,776,2019-10-25 21:40:41,2,776
FLIGHT_NUM777,777,2019-10-25 22:40:41,8,777
FLIGHT_NUM778,778,2019-10-25 23:40:41,1,778
FLIGHT_NUM779,779,2019-10-26 00:40:41,2,779
FLIGHT_NUM780,780,2019-10-26 01:40:41,10,780
FLIGHT_NUM781,781,2019-10-26 02:40:41,8,781
FLIGHT_NUM782,782,2019-10-26 03:40:41,3,782
FLIGHT_NUM783,783,2019-10-26 04:40:41,10,783
FLIGHT_NUM784,784,2019-10-26 05:40:41,7,784
FLIGHT_NUM785,785,2019-10-26 06:40:41,6,785
FLIGHT_NUM786,786,2019-10-26 07:40:41,3,786
FLIGHT_NUM787,787,2019-10-26 08:40:41,10,787
FLIGHT_NUM788,788,2019-10-26 09:40:41,5,788
FLIGHT_NUM789,789,2019-10-26 10:40:41,4,789
FLIGHT_NUM790,790,2019-10-26 11:40:41,10,790
FLIGHT_NUM791,791,2019-10-26 12:40:41,4,791
FLIGHT_NUM792,792,2019-10-26 13:40:41,0,792
FLIGHT_NUM793,793,2019-10-26 14:40:41,0,793
FLIGHT_NUM794,794,2019-10-26 15:40:41,4,794
FLIGHT_NUM795,795,2019-10-26 16:40:41,9,795
FLIGHT_NUM796,796,2019-10-26 17:40:41,5,796
FLIGHT_NUM797,797,2019-10-26 18:40:41,10,797
FLIGHT_NUM798,798,2019-10-26 19:40:41,9,798
FLIGHT_NUM799,799,2019-10-26 20:40:41,4,799
FLIGHT_NUM800,800,2019-10-26 21:40:41,1,800
FLIGHT_NUM801,801,2019-10-26 22:40:41,10,801
FLIGHT_NUM802,802,2019-10-26 23:40:41,9,802
FLIGHT_NUM803,803,2019-10-27 00:40:41,2,803
FLIGHT_NUM804,804,2019-10-27 01:40:41,8,804
FLIGHT_NUM805,805,2019-10-27 02:40:41,1,805
FLIGHT_NUM806,806,2019-10-27 03:40:41,2,806
FLIGHT_NUM807,807,2019-10-27 04:40:41,0,807
FLIGHT_NUM808,808,2019-10-27 05:40:41,5,808
FLIGHT_NUM809,809,2019-10-27 06:40:41,8,809
FLIGHT_NUM810,810,2019-10-27 07:40:41,10,810
FLIGHT_NUM811,811,2019-10-27 08:40:41,0,811
FLIGHT_NUM812,812,2019-10-27 09:40:41,10,812
FLIGHT_NUM813,813,2019-10-27 10:40:41,5,813
FLIGHT_NUM814,814,2019-10-27 11:40:41,2,814
FLIGHT_NUM815,815,2019-10-27 12:40:41,2,815
FLIGHT_NUM816,816,2019-10-27 13:40:41,4,816
FLIGHT_NUM817,817,2019-10-27 14:40:41,3,817
FLIGHT_NUM818,818,2019-10-27 15:40:41,9,818
FLIGHT_NUM819,819,2019-10-27 16:40:41,10,819
FLIGHT_NUM820,820,2019-10-27 17:40:41,5,820
FLIGHT_NUM821,821,2019-10-27 18:40:41,3,821
FLIGHT_NUM822,822,2019-10-27 19:40:41,5,822
FLIGHT_NUM823,823,2019-10-27 20:40:41,10,823
FLIGHT_NUM824,824,2019-10-27 21:40:41,10,824
FLIGHT_NUM825,825,2019-10-27 22:40:41,1,825
FLIGHT_NUM826,826,2019-10-27 23:40:41,5,826
FLIGHT_NUM827,827,2019-10-28 00:40:41,7,827
FLIGHT_NUM828,828,2019-10-28 01:40:41,8,828
FLIGHT_NUM829,829,2019-10-28 02:40:41,8,829
FLIGHT_NUM830,830,2019-10-28 03:40:41,7,830
FLIGHT_NUM831,831,2019-10-28 04:40:41,5,831
FLIGHT_NUM832,832,2019-10-28 05:40:41,9,832
FLIGHT_NUM833,833,2019-10-28 06:40:41,3,833
FLIGHT_NUM834,834,2019-10-28 07:40:41,0,834
FLIGHT_NUM835,835,2019-10-28 08:40:41,2,835
FLIGHT_NUM836,836,2019-10-28 09:40:41,0,836
FLIGHT_NUM837,837,2019-10-28 10:40:41,5,837
FLIGHT_NUM838,838,2019-10-28 11:40:41,5,838
FLIGHT_NUM839,839,2019-10-28 12:40:41,1,839
FLIGHT_NUM840,840,2019-10-28 13:40:41,0,840
FLIGHT_NUM841,841,2019-10-28 14:40:41,2,841
FLIGHT_NUM842,842,2019-10-28 15:40:41,5,842
FLIGHT_NUM843,843,2019-10-28 16:40:41,7,843
FLIGHT_NUM844,844,2019-10-28 17:40:41,10,844
FLIGHT_NUM845,845,2019-10-28 18:40:41,6,845
FLIGHT_NUM846,846,2019-10-28 19:40:41,0,846
FLIGHT_NUM847,847,2019-10-28 20:40:41,0,847
FLIGHT_NUM848,848,2019-10-28 21:40:41,5,848
FLIGHT_NUM849,849,2019-10-28 22:40:41,0,849
FLIGHT_NUM850,850,2019-10-28 23:40:41,3,850
FLIGHT_NUM851,851,2019-10-29 00:40:41,8,851
FLIGHT_NUM852,852,2019-10-29 01:40:41,1,852
FLIGHT_NUM853,853,2019-10-29 02:40:41,1,853
FLIGHT_NUM854,854,2019-10-29 03:40:41,4,854
FLIGHT_NUM855,855,2019-10-29 04:40:41,9,855
FLIGHT_NUM856,856,2019-10-29 05:40:41,6,856
FLIGHT_NUM857,857,2019-10-29 06:40:41,6,857
FLIGHT_NUM858,858,2019-10-29 07:40:41,3,858
FLIGHT_NUM859,859,2019-10-29 08:40:41,5,859
FLIGHT_NUM860,860,2019-10-29 09:40:41,1,860
FLIGHT_NUM861,861,2019-10-29 10:40:41,0,861
FLIGHT_NUM862,862,2019-10-29 11:40:41,5,862
FLIGHT_NUM863,863,2019-10-29 12:40:41,5,863
FLIGHT_NUM864,864,2019-10-29 13:40:41,3,864
FLIGHT_NUM865,865,2019-10-29 14:40:41,4,865
FLIGHT_NUM866,866,2019-10-29 15:40:41,7,866
FLIGHT_NUM867,867,2019-10-29 16:40:41,7,867
FLIGHT_NUM868,868,2019-10-29 17:40:41,10,868
FLIGHT_NUM869,869,2019-10-29 18:40:41,3,869
FLIGHT_NUM870,870,2019-10-29 19:40:41,0,870
FLIGHT_NUM871,871,2019-10-29 20:40:41,6,871
FLIGHT_NUM872,872,2019-10-29 21:40:41,1,872
FLIGHT_NUM873,873,2019-10-29 22:40:41,8,873
FLIGHT_NUM874,874,2019-10-29 23:40:41,10,874
FLIGHT_NUM875,875,2019-10-30 00:40:41,7,875
FLIGHT_NUM876,876,2019-10-30 01:40:41,0,876
FLIGHT_NUM877,877,2019-10-30 02:40:41,8,877
FLIGHT_NUM878,878,2019-10-30 03:40:41,8,878
FLIGHT_NUM879,879,2019-10-30 04:40:41,7,879
FLIGHT_NUM880,880,2019-10-30 05:40:41,8,880
FLIGHT_NUM881,881,2019-10-30 06:40:41,6,881
FLIGHT_NUM882,882,2019-10-30 07:40:41,4,882
FLIGHT_NUM883,883,2019-10-30 08:40:41,6,883
FLIGHT_NUM884,884,2019-10-30 09:40:41,6,884
FLIGHT_NUM885,885,2019-10-30 10:40:41,5,885
FLIGHT_NUM886,886,2019-10-30 11:40:41,6,886
FLIGHT_NUM887,887,2019-10-30 12:40:41,2,887
FLIGHT_NUM888,888,2019-10-30 13:40:41,9,888
FLIGHT_NUM889,889,2019-10-30 14:40:41,2,889
FLIGHT_NUM890,890,2019-10-30 15:40:41,9,890
FLIGHT_NUM891,891,2019-10-30 16:40:41,0,891
FLIGHT_NUM892,892,2019-10-30 17:40:41,3,892
FLIGHT_NUM893,893,2019-10-30 18:40:41,7,893
FLIGHT_NUM894,894,2019-10-30 19:40:41,2,894
FLIGHT_NUM895,895,2019-10-30 20:40:41,3,895
FLIGHT_NUM896,896,2019-10-30 21:40:41,9,896
FLIGHT_NUM897,897,2019-10-30 22:40:41,6,897
FLIGHT_NUM898,898,2019-10-30 23:40:41,6,898
FLIGHT_NUM899,899,2019-10-31 00:40:41,1,899
FLIGHT_NUM900,900,2019-10-31 01:40:41,4,900
FLIGHT_NUM901,901,2019-10-31 02:40:41,6,901
FLIGHT_NUM902,902,2019-10-31 03:40:41,6,902
FLIGHT_NUM903,903,2019-10-31 04:40:41,2,903
FLIGHT_NUM904,904,2019-10-31 05:40:41,4,904
FLIGHT_NUM905,905,2019-10-31 06:40:41,3,905
FLIGHT_NUM906,906,2019-10-31 07:40:41,7,906
FLIGHT_NUM907,907,2019-10-31 08:40:41,8,907
FLIGHT_NUM908,908,2019-10-31 09:40:41,3,908
FLIGHT_NUM909,909,2019-10-31 10:40:41,10,909
FLIGHT_NUM910,910,2019-10-31 11:40:41,7,910
FLIGHT_NUM911,911,2019-10-31 12:40:41,5,911
FLIGHT_NUM912,912,2019-10-31 13:40:41,3,912
FLIGHT_NUM913,913,2019-10-31 14:40:41,10,913
FLIGHT_NUM914,914,2019-10-31 15:40:41,1,914
FLIGHT_NUM915,915,2019-10-31 16:40:41,4,915
FLIGHT_NUM916,916,2019-10-31 17:40:41,2,916
FLIGHT_NUM917,917,2019-10-31 18:40:41,4,917
FLIGHT_NUM918,918,2019-10-31 19:40:41,0,918
FLIGHT_NUM919,919,2019-10-31 20:40:41,10,919
FLIGHT_NUM920,920,2019-10-31 21:40:41,8,920
FLIGHT_NUM921,921,2019-10-31 22:40:41,8,921
FLIGHT_NUM922,922,2019-10-31 23:40:41,7,922
FLIGHT_NUM923,923,2019-11-01 00:40:41,5,923
FLIGHT_NUM924,924,2019-11-01 01:40:41,7,924
FLIGHT_NUM925,925,2019-11-01 02:40:41,7,925
FLIGHT_NUM926,926,2019-11-01 03:40:41,2,926
FLIGHT_NUM927,927,2019-11-01 04:40:41,3,927
FLIGHT_NUM928,928,2019-11-01 05:40:41,8,928
FLIGHT_NUM929,929,2019-11-01 06:40:41,1,929
FLIGHT_NUM930,930,2019-11-01 07:40:41,8,930
FLIGHT_NUM931,931,2019-11-01 08:40:41,3,931
FLIGHT_NUM932,932,2019-11-01 09:40:41,10,932
FLIGHT_NUM933,933,2019-11-01 10:40:41,9,933
FLIGHT_NUM934,934,2019-11-01 11:40:41,4,934
FLIGHT_NUM935,935,2019-11-01 12:40:41,0,935
FLIGHT_NUM936,936,2019-11-01 13:40:41,1,936
FLIGHT_NUM937,937,2019-11-01 14:40:41,9,937
FLIGHT_NUM938,938,2019-11-01 15:40:41,6,938
FLIGHT_NUM939,939,2019-11-01 16:40:41,6,939
FLIGHT_NUM940,940,2019-11-01 17:40:41,9,940
FLIGHT_NUM941,941,2019-11-01 18:40:41,6,941
FLIGHT_NUM942,942,2019-11-01 19:40:41,6,942
FLIGHT_NUM943,943,2019-11-01 20:40:41,7,943
FLIGHT_NUM944,944,2019-11-01 21:40:41,7,944
FLIGHT_NUM945,945,2019-11-01 22:40:41,0,945
FLIGHT_NUM946,946,2019-11-01 23:40:41,7,946
FLIGHT_NUM947,947,2019-11-02 00:40:41,1,947
FLIGHT_NUM948,948,2019-11-02 01:40:41,3,948
FLIGHT_NUM949,949,2019-11-02 02:40:41,8,949
FLIGHT_NUM950,950,2019-11-02 03:40:41,0,950
FLIGHT_NUM951,951,2019-11-02 04:40:41,2,951
FLIGHT_NUM952,952,2019-11-02 05:40:41,8,952
FLIGHT_NUM953,953,2019-11-02 06:40:41,0,953
FLIGHT_NUM954,954,2019-11-02 07:40:41,9,954
FLIGHT_NUM955,955,2019-11-02 08:40:41,10,955
FLIGHT_NUM956,956,2019-11-02 09:40:41,0,956
FLIGHT_NUM957,957,2019-11-02 10:40:41,7,957
FLIGHT_NUM958,958,2019-11-02 11:40:41,5,958
FLIGHT_NUM959,959,2019-11-02 12:40:41,0,959
FLIGHT_NUM960,960,2019-11-02 13:40:41,7,960
FLIGHT_NUM961,961,2019-11-02 14:40:41,7,961
FLIGHT_NUM962,962,2019-11-02 15:40:41,0,962
FLIGHT_NUM963,963,2019-11-02 16:40:41,9,963
FLIGHT_NUM964,964,2019-11-02 17:40:41,0,964
FLIGHT_NUM965,965,2019-11-02 18:40:41,9,965
FLIGHT_NUM966,966,2019-11-02 19:40:41,6,966
FLIGHT_NUM967,967,2019-11-02 20:40:41,7,967
FLIGHT_NUM968,968,2019-11-02 21:40:41,2,968
FLIGHT_NUM969,969,2019-11-02 22:40:41,10,969
FLIGHT_NUM970,970,2019-11-02 23:40:41,10,970
FLIGHT_NUM971,971,2019-11-03 00:40:41,0,971
FLIGHT_NUM972,972,2019-11-03 01:40:41,1,972
FLIGHT_NUM973,973,2019-11-03 02:40:41,6,973
FLIGHT_NUM974,974,2019-11-03 03:40:41,10,974
FLIGHT_NUM975,975,2019-11-03 04:40:41,4,975
FLIGHT_NUM976,976,2019-11-03 05:40:41,1,976
FLIGHT_NUM977,977,2019-11-03 06:40:41,4,977
FLIGHT_NUM978,978,2019-11-03 07:40:41,2,978
FLIGHT_NUM979,979,2019-11-03 08:40:41,6,979
FLIGHT_NUM980,980,2019-11-03 09:40:41,3,980
FLIGHT_NUM981,981,2019-11-03 10:40:41,0,981
FLIGHT_NUM982,982,2019-11-03 11:40:41,6,982
FLIGHT_NUM983,983,2019-11-03 12:40:41,7,983
FLIGHT_NUM984,984,2019-11-03 13:40:41,6,984
FLIGHT_NUM1,1,2019-09-23 14:40:41,5,1
FLIGHT_NUM2,2,2019-09-23 15:40:41,10,2
FLIGHT_NUM3,3,2019-09-23 16:40:41,2,3
FLIGHT_NUM4,4,2019-09-23 17:40:41,10,4
FLIGHT_NUM5,5,2019-09-23 18:40:41,4,5
FLIGHT_NUM6,6,2019-09-23 19:40:41,7,6
FLIGHT_NUM7,7,2019-09-23 20:40:41,7,7
FLIGHT_NUM8,8,2019-09-23 21:40:41,4,8
FLIGHT_NUM9,9,2019-09-23 22:40:41,1,9
FLIGHT_NUM10,10,2019-09-23 23:40:41,5,10
FLIGHT_NUM11,11,2019-09-24 00:40:41,9,11
FLIGHT_NUM12,12,2019-09-24 01:40:41,9,12
FLIGHT_NUM13,13,2019-09-24 02:40:41,0,13
FLIGHT_NUM14,14,2019-09-24 03:40:41,9,14
FLIGHT_NUM15,15,2019-09-24 04:40:41,2,15
FLIGHT_NUM16,16,2019-09-24 05:40:41,8,16
FLIGHT_NUM17,17,2019-09-24 06:40:41,5,17
FLIGHT_NUM18,18,2019-09-24 07:40:41,1,18
FLIGHT_NUM19,19,2019-09-24 08:40:41,9,19
FLIGHT_NUM20,20,2019-09-24 09:40:41,8,20
FLIGHT_NUM21,21,2019-09-24 10:40:41,6,21
FLIGHT_NUM22,22,2019-09-24 11:40:41,2,22
FLIGHT_NUM23,23,2019-09-24 12:40:41,10,23
FLIGHT_NUM24,24,2019-09-24 13:40:41,7,24
FLIGHT_NUM25,25,2019-09-24 14:40:41,5,25
FLIGHT_NUM26,26,2019-09-24 15:40:41,1,26
FLIGHT_NUM27,27,2019-09-24 16:40:41,5,27
FLIGHT_NUM28,28,2019-09-24 17:40:41,0,28
FLIGHT_NUM29,29,2019-09-24 18:40:41,1,29
FLIGHT_NUM30,30,2019-09-24 19:40:41,7,30
FLIGHT_NUM31,31,2019-09-24 20:40:41,9,31
FLIGHT_NUM32,32,2019-09-24 21:40:41,2,32
FLIGHT_NUM33,33,2019-09-24 22:40:41,3,33
FLIGHT_NUM34,34,2019-09-24 23:40:41,8,34
FLIGHT_NUM35,35,2019-09-25 00:40:41,2,35
FLIGHT_NUM36,36,2019-09-25 01:40:41,10,36
FLIGHT_NUM37,37,2019-09-25 02:40:41,4,37
FLIGHT_NUM38,38,2019-09-25 03:40:41,9,38
FLIGHT_NUM39,39,2019-09-25 04:40:41,0,39
FLIGHT_NUM40,40,2019-09-25 05:40:41,4,40
FLIGHT_NUM41,41,2019-09-25 06:40:41,2,41
FLIGHT_NUM42,42,2019-09-25 07:40:41,3,42
FLIGHT_NUM43,43,2019-09-25 08:40:41,10,43
FLIGHT_NUM44,44,2019-09-25 09:40:41,1,44
FLIGHT_NUM45,45,2019-09-25 10:40:41,8,45
FLIGHT_NUM46,46,2019-09-25 11:40:41,2,46
FLIGHT_NUM47,47,2019-09-25 12:40:41,6,47
FLIGHT_NUM48,48,2019-09-25 13:40:41,8,48
FLIGHT_NUM49,49,2019-09-25 14:40:41,3,49
FLIGHT_NUM50,50,2019-09-25 15:40:41,3,50
FLIGHT_NUM51,51,2019-09-25 16:40:41,0,51
FLIGHT_NUM52,52,2019-09-25 17:40:41,3,52
FLIGHT_NUM53,53,2019-09-25 18:40:41,8,53
FLIGHT_NUM54,54,2019-09-25 19:40:41,1,54
FLIGHT_NUM55,55,2019-09-25 20:40:41,6,55
FLIGHT_NUM56,56,2019-09-25 21:40:41,10,56
FLIGHT_NUM57,57,2019-09-25 22:40:41,10,57
FLIGHT_NUM58,58,2019-09-25 23:40:41,0,58
FLIGHT_NUM59,59,2019-09-26 00:40:41,9,59
FLIGHT_NUM60,60,2019-09-26 01:40:41,0,60
FLIGHT_NUM61,61,2019-09-26 02:40:41,1,61
FLIGHT_NUM62,62,2019-09-26 03:40:41,7,62
FLIGHT_NUM63,63,2019-09-26 04:40:41,1,63
FLIGHT_NUM64,64,2019-09-26 05:40:41,0,64
FLIGHT_NUM65,65,2019-09-26 06:40:41,0,65
FLIGHT_NUM66,66,2019-09-26 07:40:41,0,66
FLIGHT_NUM67,67,2019-09-26 08:40:41,5,67
FLIGHT_NUM68,68,2019-09-26 09:40:41,8,68
FLIGHT_NUM69,69,2019-09-26 10:40:41,5,69
FLIGHT_NUM70,70,2019-09-26 11:40:41,0,70
FLIGHT_NUM71,71,2019-09-26 12:40:41,1,71
FLIGHT_NUM72,72,2019-09-26 13:40:41,3,72
FLIGHT_NUM73,73,2019-09-26 14:40:41,3,73
FLIGHT_NUM74,74,2019-09-26 15:40:41,9,74
FLIGHT_NUM75,75,2019-09-26 16:40:41,10,75
FLIGHT_NUM76,76,2019-09-26 17:40:41,2,76
FLIGHT_NUM77,77,2019-09-26 18:40:41,2,77
FLIGHT_NUM78,78,2019-09-26 19:40:41,6,78
FLIGHT_NUM79,79,2019-09-26 20:40:41,5,79
FLIGHT_NUM80,80,2019-09-26 21:40:41,9,80
FLIGHT_NUM81,81,2019-09-26 22:40:41,7,81
FLIGHT_NUM82,82,2019-09-26 23:40:41,2,82
FLIGHT_NUM83,83,2019-09-27 00:40:41,0,83
FLIGHT_NUM84,84,2019-09-27 01:40:41,7,84
FLIGHT_NUM85,85,2019-09-27 02:40:41,5,85
FLIGHT_NUM86,86,2019-09-27 03:40:41,1,86
FLIGHT_NUM87,87,2019-09-27 04:40:41,5,87
FLIGHT_NUM88,88,2019-09-27 05:40:41,4,88
FLIGHT_NUM89,89,2019-09-27 06:40:41,9,89
FLIGHT_NUM90,90,2019-09-27 07:40:41,3,90
FLIGHT_NUM91,91,2019-09-27 08:40:41,7,91
FLIGHT_NUM92,92,2019-09-27 09:40:41,8,92
FLIGHT_NUM93,93,2019-09-27 10:40:41,5,93
FLIGHT_NUM94,94,2019-09-27 11:40:41,2,94
FLIGHT_NUM95,95,2019-09-27 12:40:41,3,95
FLIGHT_NUM96,96,2019-09-27 13:40:41,5,96
FLIGHT_NUM97,97,2019-09-27 14:40:41,2,97
FLIGHT_NUM98,98,2019-09-27 15:40:41,9,98
FLIGHT_NUM99,99,2019-09-27 16:40:41,10,99
FLIGHT_NUM100,100,2019-09-27 17:40:41,2,100
FLIGHT_NUM101,101,2019-09-27 18:40:41,3,101
FLIGHT_NUM102,102,2019-09-27 19:40:41,8,102
FLIGHT_NUM103,103,2019-09-27 20:40:41,4,103
FLIGHT_NUM104,104,2019-09-27 21:40:41,4,104
FLIGHT_NUM105,105,2019-09-27 22:40:41,4,105
FLIGHT_NUM106,106,2019-09-27 23:40:41,2,106
FLIGHT_NUM107,107,2019-09-28 00:40:41,1,107
FLIGHT_NUM108,108,2019-09-28 01:40:41,0,108
FLIGHT_NUM109,109,2019-09-28 02:40:41,6,109
FLIGHT_NUM110,110,2019-09-28 03:40:41,10,110
FLIGHT_NUM111,111,2019-09-28 04:40:41,2,111
FLIGHT_NUM112,112,2019-09-28 05:40:41,7,112
FLIGHT_NUM113,113,2019-09-28 06:40:41,7,113
FLIGHT_NUM114,114,2019-09-28 07:40:41,5,114
FLIGHT_NUM115,115,2019-09-28 08:40:41,0,115
FLIGHT_NUM116,116,2019-09-28 09:40:41,6,116
FLIGHT_NUM117,117,2019-09-28 10:40:41,6,117
FLIGHT_NUM118,118,2019-09-28 11:40:41,8,118
FLIGHT_NUM119,119,2019-09-28 12:40:41,4,119
FLIGHT_NUM120,120,2019-09-28 13:40:41,1,120
FLIGHT_NUM121,121,2019-09-28 14:40:41,7,121
FLIGHT_NUM122,122,2019-09-28 15:40:41,0,122
FLIGHT_NUM123,123,2019-09-28 16:40:41,8,123
FLIGHT_NUM124,124,2019-09-28 17:40:41,0,124
FLIGHT_NUM125,125,2019-09-28 18:40:41,4,125
FLIGHT_NUM126,126,2019-09-28 19:40:41,10,126
FLIGHT_NUM127,127,2019-09-28 20:40:41,4,127
FLIGHT_NUM128,128,2019-09-28 21:40:41,5,128
FLIGHT_NUM129,129,2019-09-28 22:40:41,2,129
FLIGHT_NUM130,130,2019-09-28 23:40:41,2,130
FLIGHT_NUM131,131,2019-09-29 00:40:41,10,131
FLIGHT_NUM132,132,2019-09-29 01:40:41,10,132
FLIGHT_NUM133,133,2019-09-29 02:40:41,9,133
FLIGHT_NUM134,134,2019-09-29 03:40:41,1,134
FLIGHT_NUM135,135,2019-09-29 04:40:41,3,135
FLIGHT_NUM136,136,2019-09-29 05:40:41,3,136
FLIGHT_NUM137,137,2019-09-29 06:40:41,7,137
FLIGHT_NUM138,138,2019-09-29 07:40:41,8,138
FLIGHT_NUM139,139,2019-09-29 08:40:41,2,139
FLIGHT_NUM140,140,2019-09-29 09:40:41,8,140
FLIGHT_NUM141,141,2019-09-29 10:40:41,3,141
FLIGHT_NUM142,142,2019-09-29 11:40:41,1,142
FLIGHT_NUM143,143,2019-09-29 12:40:41,0,143
FLIGHT_NUM144,144,2019-09-29 13:40:41,8,144
FLIGHT_NUM145,145,2019-09-29 14:40:41,4,145
FLIGHT_NUM146,146,2019-09-29 15:40:41,9,146
FLIGHT_NUM147,147,2019-09-29 16:40:41,5,147
FLIGHT_NUM148,148,2019-09-29 17:40:41,2,148
FLIGHT_NUM149,149,2019-09-29 18:40:41,0,149
FLIGHT_NUM150,150,2019-09-29 19:40:41,4,150
FLIGHT_NUM151,151,2019-09-29 20:40:41,5,151
FLIGHT_NUM152,152,2019-09-29 21:40:41,1,152
FLIGHT_NUM153,153,2019-09-29 22:40:41,4,153
FLIGHT_NUM154,154,2019-09-29 23:40:41,9,154
FLIGHT_NUM155,155,2019-09-30 00:40:41,4,155
FLIGHT_NUM156,156,2019-09-30 01:40:41,4,156
FLIGHT_NUM157,157,2019-09-30 02:40:41,2,157
FLIGHT_NUM158,158,2019-09-30 03:40:41,5,158
FLIGHT_NUM159,159,2019-09-30 04:40:41,1,159
FLIGHT_NUM160,160,2019-09-30 05:40:41,10,160
FLIGHT_NUM161,161,2019-09-30 06:40:41,0,161
FLIGHT_NUM162,162,2019-09-30 07:40:41,5,162
FLIGHT_NUM163,163,2019-09-30 08:40:41,6,163
FLIGHT_NUM164,164,2019-09-30 09:40:41,1,164
FLIGHT_NUM165,165,2019-09-30 10:40:41,0,165
FLIGHT_NUM166,166,2019-09-30 11:40:41,3,166
FLIGHT_NUM167,167,2019-09-30 12:40:41,10,167
FLIGHT_NUM168,168,2019-09-30 13:40:41,3,168
FLIGHT_NUM169,169,2019-09-30 14:40:41,7,169
FLIGHT_NUM170,170,2019-09-30 15:40:41,3,170
FLIGHT_NUM171,171,2019-09-30 16:40:41,6,171
FLIGHT_NUM172,172,2019-09-30 17:40:41,3,172
FLIGHT_NUM173,173,2019-09-30 18:40:41,5,173
FLIGHT_NUM174,174,2019-09-30 19:40:41,9,174
FLIGHT_NUM175,175,2019-09-30 20:40:41,1,175
FLIGHT_NUM176,176,2019-09-30 21:40:41,7,176
FLIGHT_NUM177,177,2019-09-30 22:40:41,8,177
FLIGHT_NUM178,178,2019-09-30 23:40:41,3,178
FLIGHT_NUM179,179,2019-10-01 00:40:41,0,179
FLIGHT_NUM180,180,2019-10-01 01:40:41,7,180
FLIGHT_NUM181,181,2019-10-01 02:40:41,10,181
FLIGHT_NUM182,182,2019-10-01 03:40:41,7,182
FLIGHT_NUM183,183,2019-10-01 04:40:41,4,183
FLIGHT_NUM184,184,2019-10-01 05:40:41,10,184
FLIGHT_NUM185,185,2019-10-01 06:40:41,8,185
FLIGHT_NUM186,186,2019-10-01 07:40:41,5,186
FLIGHT_NUM187,187,2019-10-01 08:40:41,4,187
FLIGHT_NUM188,188,2019-10-01 09:40:41,3,188
FLIGHT_NUM189,189,2019-10-01 10:40:41,10,189
FLIGHT_NUM190,190,2019-10-01 11:40:41,4,190
FLIGHT_NUM191,191,2019-10-01 12:40:41,1,191
FLIGHT_NUM192,192,2019-10-01 13:40:41,0,192
FLIGHT_NUM193,193,2019-10-01 14:40:41,8,193
FLIGHT_NUM194,194,2019-10-01 15:40:41,6,194
FLIGHT_NUM195,195,2019-10-01 16:40:41,3,195
FLIGHT_NUM196,196,2019-10-01 17:40:41,6,196
FLIGHT_NUM197,197,2019-10-01 18:40:41,2,197
FLIGHT_NUM198,198,2019-10-01 19:40:41,7,198
FLIGHT_NUM199,199,2019-10-01 20:40:41,10,199
FLIGHT_NUM200,200,2019-10-01 21:40:41,9,200
FLIGHT_NUM201,201,2019-10-01 22:40:41,4,201
FLIGHT_NUM202,202,2019-10-01 23:40:41,6,202
FLIGHT_NUM203,203,2019-10-02 00:40:41,7,203
FLIGHT_NUM204,204,2019-10-02 01:40:41,6,204
FLIGHT_NUM205,205,2019-10-02 02:40:41,5,205
FLIGHT_NUM206,206,2019-10-02 03:40:41,5,206
FLIGHT_NUM207,207,2019-10-02 04:40:41,10,207
FLIGHT_NUM208,208,2019-10-02 05:40:41,5,208
FLIGHT_NUM209,209,2019-10-02 06:40:41,10,209
FLIGHT_NUM210,210,2019-10-02 07:40:41,10,210
FLIGHT_NUM211,211,2019-10-02 08:40:41,8,211
FLIGHT_NUM212,212,2019-10-02 09:40:41,5,212
FLIGHT_NUM213,213,2019-10-02 10:40:41,0,213
FLIGHT_NUM214,214,2019-10-02 11:40:41,0,214
FLIGHT_NUM215,215,2019-10-02 12:40:41,0,215
FLIGHT_NUM216,216,2019-10-02 13:40:41,6,216
FLIGHT_NUM217,217,2019-10-02 14:40:41,3,217
FLIGHT_NUM218,218,2019-10-02 15:40:41,10,218
FLIGHT_NUM219,219,2019-10-02 16:40:41,4,219
FLIGHT_NUM220,220,2019-10-02 17:40:41,1,220
FLIGHT_NUM221,221,2019-10-02 18:40:41,7,221
FLIGHT_NUM222,222,2019-10-02 19:40:41,6,222
FLIGHT_NUM223,223,2019-10-02 20:40:41,8,223
FLIGHT_NUM224,224,2019-10-02 21:40:41,10,224
FLIGHT_NUM225,225,2019-10-02 22:40:41,1,225
FLIGHT_NUM226,226,2019-10-02 23:40:41,4,226
FLIGHT_NUM227,227,2019-10-03 00:40:41,4,227
FLIGHT_NUM228,228,2019-10-03 01:40:41,4,228
FLIGHT_NUM229,229,2019-10-03 02:40:41,4,229
FLIGHT_NUM230,230,2019-10-03 03:40:41,5,230
FLIGHT_NUM231,231,2019-10-03 04:40:41,5,231
FLIGHT_NUM232,232,2019-10-03 05:40:41,4,232
FLIGHT_NUM233,233,2019-10-03 06:40:41,0,233
FLIGHT_NUM234,234,2019-10-03 07:40:41,8,234
FLIGHT_NUM235,235,2019-10-03 08:40:41,1,235
FLIGHT_NUM236,236,2019-10-03 09:40:41,9,236
FLIGHT_NUM237,237,2019-10-03 10:40:41,5,237
FLIGHT_NUM238,238,2019-10-03 11:40:41,1,238
FLIGHT_NUM239,239,2019-10-03 12:40:41,5,239
FLIGHT_NUM240,240,2019-10-03 13:40:41,1,240
FLIGHT_NUM241,241,2019-10-03 14:40:41,9,241
FLIGHT_NUM242,242,2019-10-03 15:40:41,9,242
FLIGHT_NUM243,243,2019-10-03 16:40:41,1,243
FLIGHT_NUM244,244,2019-10-03 17:40:41,3,244
FLIGHT_NUM245,245,2019-10-03 18:40:41,10,245
FLIGHT_NUM246,246,2019-10-03 19:40:41,1,246
FLIGHT_NUM247,247,2019-10-03 20:40:41,8,247
FLIGHT_NUM248,248,2019-10-03 21:40:41,5,248
FLIGHT_NUM249,249,2019-10-03 22:40:41,5,249
FLIGHT_NUM250,250,2019-10-03 23:40:41,5,250
FLIGHT_NUM251,251,2019-10-04 00:40:41,1,251
FLIGHT_NUM252,252,2019-10-04 01:40:41,10,252
FLIGHT_NUM253,253,2019-10-04 02:40:41,6,253
FLIGHT_NUM254,254,2019-10-04 03:40:41,7,254
FLIGHT_NUM255,255,2019-10-04 04:40:41,3,255
FLIGHT_NUM256,256,2019-10-04 05:40:41,1,256
FLIGHT_NUM257,257,2019-10-04 06:40:41,0,257
FLIGHT_NUM258,258,2019-10-04 07:40:41,7,258
FLIGHT_NUM259,259,2019-10-04 08:40:41,4,259
FLIGHT_NUM260,260,2019-10-04 09:40:41,10,260
FLIGHT_NUM261,261,2019-10-04 10:40:41,7,261
FLIGHT_NUM262,262,2019-10-04 11:40:41,7,262
FLIGHT_NUM263,263,2019-10-04 12:40:41,7,263
FLIGHT_NUM264,264,2019-10-04 13:40:41,8,264
FLIGHT_NUM265,265,2019-10-04 14:40:41,7,265
FLIGHT_NUM266,266,2019-10-04 15:40:41,8,266
FLIGHT_NUM267,267,2019-10-04 16:40:41,0,267
FLIGHT_NUM268,268,2019-10-04 17:40:41,5,268
FLIGHT_NUM269,269,2019-10-04 18:40:41,4,269
FLIGHT_NUM270,270,2019-10-04 19:40:41,9,270
FLIGHT_NUM271,271,2019-10-04 20:40:41,6,271
FLIGHT_NUM272,272,2019-10-04 21:40:41,2,272
FLIGHT_NUM273,273,2019-10-04 22:40:41,9,273
FLIGHT_NUM274,274,2019-10-04 23:40:41,6,274
FLIGHT_NUM275,275,2019-10-05 00:40:41,10,275
FLIGHT_NUM276,276,2019-10-05 01:40:41,10,276
FLIGHT_NUM277,277,2019-10-05 02:40:41,6,277
FLIGHT_NUM278,278,2019-10-05 03:40:41,6,278
FLIGHT_NUM279,279,2019-10-05 04:40:41,5,279
FLIGHT_NUM280,280,2019-10-05 05:40:41,7,280
FLIGHT_NUM281,281,2019-10-05 06:40:41,8,281
FLIGHT_NUM282,282,2019-10-05 07:40:41,7,282
FLIGHT_NUM283,283,2019-10-05 08:40:41,0,283
FLIGHT_NUM284,284,2019-10-05 09:40:41,1,284
FLIGHT_NUM285,285,2019-10-05 10:40:41,0,285
FLIGHT_NUM286,286,2019-10-05 11:40:41,0,286
FLIGHT_NUM287,287,2019-10-05 12:40:41,7,287
FLIGHT_NUM288,288,2019-10-05 13:40:41,1,288
FLIGHT_NUM289,289,2019-10-05 14:40:41,6,289
FLIGHT_NUM290,290,2019-10-05 15:40:41,2,290
FLIGHT_NUM291,291,2019-10-05 16:40:41,1,291
FLIGHT_NUM292,292,2019-10-05 17:40:41,8,292
FLIGHT_NUM293,293,2019-10-05 18:40:41,8,293
FLIGHT_NUM294,294,2019-10-05 19:40:41,9,294
FLIGHT_NUM295,295,2019-10-05 20:40:41,2,295
FLIGHT_NUM296,296,2019-10-05 21:40:41,7,296
FLIGHT_NUM297,297,2019-10-05 22:40:41,7,297
FLIGHT_NUM298,298,2019-10-05 23:40:41,1,298
FLIGHT_NUM299,299,2019-10-06 00:40:41,7,299
FLIGHT_NUM300,300,2019-10-06 01:40:41,1,300
FLIGHT_NUM301,301,2019-10-06 02:40:41,10,301
FLIGHT_NUM302,302,2019-10-06 03:40:41,3,302
FLIGHT_NUM303,303,2019-10-06 04:40:41,9,303
FLIGHT_NUM304,304,2019-10-06 05:40:41,0,304
FLIGHT_NUM305,305,2019-10-06 06:40:41,3,305
FLIGHT_NUM306,306,2019-10-06 07:40:41,2,306
FLIGHT_NUM307,307,2019-10-06 08:40:41,2,307
FLIGHT_NUM308,308,2019-10-06 09:40:41,2,308
FLIGHT_NUM309,309,2019-10-06 10:40:41,7,309
FLIGHT_NUM310,310,2019-10-06 11:40:41,2,310
FLIGHT_NUM311,311,2019-10-06 12:40:41,1,311
FLIGHT_NUM312,312,2019-10-06 13:40:41,5,312
FLIGHT_NUM313,313,2019-10-06 14:40:41,0,313
FLIGHT_NUM314,314,2019-10-06 15:40:41,1,314
FLIGHT_NUM315,315,2019-10-06 16:40:41,4,315
FLIGHT_NUM316,316,2019-10-06 17:40:41,10,316
FLIGHT_NUM317,317,2019-10-06 18:40:41,0,317
FLIGHT_NUM318,318,2019-10-06 19:40:41,1,318
FLIGHT_NUM319,319,2019-10-06 20:40:41,10,319
FLIGHT_NUM320,320,2019-10-06 21:40:41,5,320
FLIGHT_NUM321,321,2019-10-06 22:40:41,3,321
FLIGHT_NUM322,322,2019-10-06 23:40:41,8,322
FLIGHT_NUM323,323,2019-10-07 00:40:41,10,323
FLIGHT_NUM324,324,2019-10-07 01:40:41,10,324
FLIGHT_NUM325,325,2019-10-07 02:40:41,1,325
FLIGHT_NUM326,326,2019-10-07 03:40:41,7,326
FLIGHT_NUM327,327,2019-10-07 04:40:41,10,327
FLIGHT_NUM328,328,2019-10-07 05:40:41,5,328
FLIGHT_NUM329,329,2019-10-07 06:40:41,4,329
FLIGHT_NUM330,330,2019-10-07 07:40:41,3,330
FLIGHT_NUM331,331,2019-10-07 08:40:41,4,331
FLIGHT_NUM332,332,2019-10-07 09:40:41,0,332
FLIGHT_NUM333,333,2019-10-07 10:40:41,6,333
FLIGHT_NUM334,334,2019-10-07 11:40:41,10,334
FLIGHT_NUM335,335,2019-10-07 12:40:41,0,335
FLIGHT_NUM336,336,2019-10-07 13:40:41,6,336
FLIGHT_NUM337,337,2019-10-07 14:40:41,3,337
FLIGHT_NUM338,338,2019-10-07 15:40:41,2,338
FLIGHT_NUM339,339,2019-10-07 16:40:41,0,339
FLIGHT_NUM340,340,2019-10-07 17:40:41,6,340
FLIGHT_NUM341,341,2019-10-07 18:40:41,10,341
FLIGHT_NUM342,342,2019-10-07 19:40:41,10,342
FLIGHT_NUM343,343,2019-10-07 20:40:41,5,343
FLIGHT_NUM344,344,2019-10-07 21:40:41,2,344
FLIGHT_NUM345,345,2019-10-07 22:40:41,7,345
FLIGHT_NUM346,346,2019-10-07 23:40:41,8,346
FLIGHT_NUM347,347,2019-10-08 00:40:41,5,347
FLIGHT_NUM348,348,2019-10-08 01:40:41,10,348
FLIGHT_NUM349,349,2019-10-08 02:40:41,1,349
FLIGHT_NUM350,350,2019-10-08 03:40:41,5,350
FLIGHT_NUM351,351,2019-10-08 04:40:41,3,351
FLIGHT_NUM352,352,2019-10-08 05:40:41,3,352
FLIGHT_NUM353,353,2019-10-08 06:40:41,3,353
FLIGHT_NUM354,354,2019-10-08 07:40:41,10,354
FLIGHT_NUM355,355,2019-10-08 08:40:41,3,355
FLIGHT_NUM356,356,2019-10-08 09:40:41,7,356
FLIGHT_NUM357,357,2019-10-08 10:40:41,3,357
FLIGHT_NUM358,358,2019-10-08 11:40:41,2,358
FLIGHT_NUM359,359,2019-10-08 12:40:41,2,359
FLIGHT_NUM360,360,2019-10-08 13:40:41,4,360
FLIGHT_NUM361,361,2019-10-08 14:40:41,5,361
FLIGHT_NUM362,362,2019-10-08 15:40:41,7,362
FLIGHT_NUM363,363,2019-10-08 16:40:41,1,363
FLIGHT_NUM364,364,2019-10-08 17:40:41,2,364
FLIGHT_NUM365,365,2019-10-08 18:40:41,10,365
FLIGHT_NUM366,366,2019-10-08 19:40:41,10,366
FLIGHT_NUM367,367,2019-10-08 20:40:41,8,367
FLIGHT_NUM368,368,2019-10-08 21:40:41,10,368
FLIGHT_NUM369,369,2019-10-08 22:40:41,7,369
FLIGHT_NUM370,370,2019-10-08 23:40:41,0,370
FLIGHT_NUM371,371,2019-10-09 00:40:41,4,371
FLIGHT_NUM372,372,2019-10-09 01:40:41,2,372
FLIGHT_NUM373,373,2019-10-09 02:40:41,4,373
FLIGHT_NUM374,374,2019-10-09 03:40:41,3,374
FLIGHT_NUM375,375,2019-10-09 04:40:41,3,375
FLIGHT_NUM376,376,2019-10-09 05:40:41,2,376
FLIGHT_NUM377,377,2019-10-09 06:40:41,1,377
FLIGHT_NUM378,378,2019-10-09 07:40:41,7,378
FLIGHT_NUM379,379,2019-10-09 08:40:41,2,379
FLIGHT_NUM380,380,2019-10-09 09:40:41,1,380
FLIGHT_NUM381,381,2019-10-09 10:40:41,7,381
FLIGHT_NUM382,382,2019-10-09 11:40:41,3,382
FLIGHT_NUM383,383,2019-10-09 12:40:41,4,383
FLIGHT_NUM384,384,2019-10-09 13:40:41,7,384
FLIGHT_NUM385,385,2019-10-09 14:40:41,9,385
FLIGHT_NUM386,386,2019-10-09 15:40:41,10,386
FLIGHT_NUM387,387,2019-10-09 16:40:41,10,387
FLIGHT_NUM388,388,2019-10-09 17:40:41,5,388
FLIGHT_NUM389,389,2019-10-09 18:40:41,8,389
FLIGHT_NUM390,390,2019-10-09 19:40:41,4,390
FLIGHT_NUM391,391,2019-10-09 20:40:41,5,391
FLIGHT_NUM392,392,2019-10-09 21:40:41,10,392
FLIGHT_NUM393,393,2019-10-09 22:40:41,8,393
FLIGHT_NUM394,394,2019-10-09 23:40:41,8,394
FLIGHT_NUM395,395,2019-10-10 00:40:41,4,395
FLIGHT_NUM396,396,2019-10-10 01:40:41,8,396
FLIGHT_NUM397,397,2019-10-10 02:40:41,2,397
FLIGHT_NUM398,398,2019-10-10 03:40:41,4,398
FLIGHT_NUM399,399,2019-10-10 04:40:41,7,399
FLIGHT_NUM400,400,2019-10-10 05:40:41,10,400
FLIGHT_NUM401,401,2019-10-10 06:40:41,5,401
FLIGHT_NUM402,402,2019-10-10 07:40:41,7,402
FLIGHT_NUM403,403,2019-10-10 08:40:41,8,403
FLIGHT_NUM404,404,2019-10-10 09:40:41,10,404
FLIGHT_NUM405,405,2019-10-10 10:40:41,0,405
FLIGHT_NUM406,406,2019-10-10 11:40:41,7,406
FLIGHT_NUM407,407,2019-10-10 12:40:41,9,407
FLIGHT_NUM408,408,2019-10-10 13:40:41,9,408
FLIGHT_NUM409,409,2019-10-10 14:40:41,10,409
FLIGHT_NUM410,410,2019-10-10 15:40:41,2,410
FLIGHT_NUM411,411,2019-10-10 16:40:41,0,411
FLIGHT_NUM412,412,2019-10-10 17:40:41,0,412
FLIGHT_NUM413,413,2019-10-10 18:40:41,9,413
FLIGHT_NUM414,414,2019-10-10 19:40:41,6,414
FLIGHT_NUM415,415,2019-10-10 20:40:41,6,415
FLIGHT_NUM416,416,2019-10-10 21:40:41,10,416
FLIGHT_NUM417,417,2019-10-10 22:40:41,10,417
FLIGHT_NUM418,418,2019-10-10 23:40:41,10,418
FLIGHT_NUM419,419,2019-10-11 00:40:41,6,419
FLIGHT_NUM420,420,2019-10-11 01:40:41,4,420
FLIGHT_NUM421,421,2019-10-11 02:40:41,3,421
FLIGHT_NUM422,422,2019-10-11 03:40:41,2,422
FLIGHT_NUM423,423,2019-10-11 04:40:41,0,423
FLIGHT_NUM424,424,2019-10-11 05:40:41,7,424
FLIGHT_NUM425,425,2019-10-11 06:40:41,0,425
FLIGHT_NUM426,426,2019-10-11 07:40:41,1,426
FLIGHT_NUM427,427,2019-10-11 08:40:41,5,427
FLIGHT_NUM428,428,2019-10-11 09:40:41,6,428
FLIGHT_NUM429,429,2019-10-11 10:40:41,6,429
FLIGHT_NUM430,430,2019-10-11 11:40:41,10,430
FLIGHT_NUM431,431,2019-10-11 12:40:41,2,431
FLIGHT_NUM432,432,2019-10-11 13:40:41,8,432
FLIGHT_NUM433,433,2019-10-11 14:40:41,6,433
FLIGHT_NUM434,434,2019-10-11 15:40:41,9,434
FLIGHT_NUM435,435,2019-10-11 16:40:41,5,435
FLIGHT_NUM436,436,2019-10-11 17:40:41,10,436
FLIGHT_NUM437,437,2019-10-11 18:40:41,7,437
FLIGHT_NUM438,438,2019-10-11 19:40:41,1,438
FLIGHT_NUM439,439,2019-10-11 20:40:41,10,439
FLIGHT_NUM440,440,2019-10-11 21:40:41,3,440
FLIGHT_NUM441,441,2019-10-11 22:40:41,5,441
FLIGHT_NUM442,442,2019-10-11 23:40:41,7,442
FLIGHT_NUM443,443,2019-10-12 00:40:41,1,443
FLIGHT_NUM444,444,2019-10-12 01:40:41,10,444
FLIGHT_NUM445,445,2019-10-12 02:40:41,0,445
FLIGHT_NUM446,446,2019-10-12 03:40:41,3,446
FLIGHT_NUM447,447,2019-10-12 04:40:41,9,447
FLIGHT_NUM448,448,2019-10-12 05:40:41,7,448
FLIGHT_NUM449,449,2019-10-12 06:40:41,5,449
FLIGHT_NUM450,450,2019-10-12 07:40:41,8,450
FLIGHT_NUM451,451,2019-10-12 08:40:41,1,451
FLIGHT_NUM452,452,2019-10-12 09:40:41,8,452
FLIGHT_NUM453,453,2019-10-12 10:40:41,2,453
FLIGHT_NUM454,454,2019-10-12 11:40:41,7,454
FLIGHT_NUM455,455,2019-10-12 12:40:41,7,455
FLIGHT_NUM456,456,2019-10-12 13:40:41,10,456
FLIGHT_NUM457,457,2019-10-12 14:40:41,5,457
FLIGHT_NUM458,458,2019-10-12 15:40:41,1,458
FLIGHT_NUM459,459,2019-10-12 16:40:41,4,459
FLIGHT_NUM460,460,2019-10-12 17:40:41,2,460
FLIGHT_NUM461,461,2019-10-12 18:40:41,6,461
FLIGHT_NUM462,462,2019-10-12 19:40:41,10,462
FLIGHT_NUM463,463,2019-10-12 20:40:41,0,463
FLIGHT_NUM464,464,2019-10-12 21:40:41,4,464
FLIGHT_NUM465,465,2019-10-12 22:40:41,9,465
FLIGHT_NUM466,466,2019-10-12 23:40:41,0,466
FLIGHT_NUM467,467,2019-10-13 00:40:41,2,467
FLIGHT_NUM468,468,2019-10-13 01:40:41,2,468
FLIGHT_NUM469,469,2019-10-13 02:40:41,0,469
FLIGHT_NUM470,470,2019-10-13 03:40:41,3,470
FLIGHT_NUM471,471,2019-10-13 04:40:41,3,471
FLIGHT_NUM472,472,2019-10-13 05:40:41,4,472
FLIGHT_NUM473,473,2019-10-13 06:40:41,10,473
FLIGHT_NUM474,474,2019-10-13 07:40:41,1,474
FLIGHT_NUM475,475,2019-10-13 08:40:41,3,475
FLIGHT_NUM476,476,2019-10-13 09:40:41,10,476
FLIGHT_NUM477,477,2019-10-13 10:40:41,10,477
FLIGHT_NUM478,478,2019-10-13 11:40:41,8,478
FLIGHT_NUM479,479,2019-10-13 12:40:41,4,479
FLIGHT_NUM480,480,2019-10-13 13:40:41,10,480
FLIGHT_NUM481,481,2019-10-13 14:40:41,10,481
FLIGHT_NUM482,482,2019-10-13 15:40:41,9,482
FLIGHT_NUM483,483,2019-10-13 16:40:41,8,483
FLIGHT_NUM484,484,2019-10-13 17:40:41,6,484
FLIGHT_NUM485,485,2019-10-13 18:40:41,3,485
FLIGHT_NUM486,486,2019-10-13 19:40:41,7,486
FLIGHT_NUM487,487,2019-10-13 20:40:41,0,487
FLIGHT_NUM488,488,2019-10-13 21:40:41,2,488
FLIGHT_NUM489,489,2019-10-13 22:40:41,1,489
FLIGHT_NUM490,490,2019-10-13 23:40:41,0,490
FLIGHT_NUM491,491,2019-10-14 00:40:41,0,491
FLIGHT_NUM492,492,2019-10-14 01:40:41,1,492
FLIGHT_NUM493,493,2019-10-14 02:40:41,5,493
FLIGHT_NUM494,494,2019-10-14 03:40:41,7,494
FLIGHT_NUM495,495,2019-10-14 04:40:41,10,495
FLIGHT_NUM496,496,2019-10-14 05:40:41,10,496
FLIGHT_NUM497,497,2019-10-14 06:40:41,7,497
FLIGHT_NUM498,498,2019-10-14 07:40:41,9,498
FLIGHT_NUM499,499,2019-10-14 08:40:41,4,499
FLIGHT_NUM500,500,2019-10-14 09:40:41,7,500
FLIGHT_NUM501,501,2019-10-14 10:40:41,10,501
FLIGHT_NUM502,502,2019-10-14 11:40:41,3,502
FLIGHT_NUM503,503,2019-10-14 12:40:41,5,503
FLIGHT_NUM504,504,2019-10-14 13:40:41,5,504
FLIGHT_NUM505,505,2019-10-14 14:40:41,6,505
FLIGHT_NUM506,506,2019-10-14 15:40:41,9,506
FLIGHT_NUM507,507,2019-10-14 16:40:41,4,507
FLIGHT_NUM508,508,2019-10-14 17:40:41,0,508
FLIGHT_NUM509,509,2019-10-14 18:40:41,0,509
FLIGHT_NUM510,510,2019-10-14 19:40:41,2,510
FLIGHT_NUM511,511,2019-10-14 20:40:41,10,511
FLIGHT_NUM512,512,2019-10-14 21:40:41,10,512
FLIGHT_NUM513,513,2019-10-14 22:40:41,3,513
FLIGHT_NUM514,514,2019-10-14 23:40:41,2,514
FLIGHT_NUM515,515,2019-10-15 00:40:41,2,515
FLIGHT_NUM516,516,2019-10-15 01:40:41,3,516
FLIGHT_NUM517,517,2019-10-15 02:40:41,1,517
FLIGHT_NUM518,518,2019-10-15 03:40:41,5,518
FLIGHT_NUM519,519,2019-10-15 04:40:41,8,519
FLIGHT_NUM520,520,2019-10-15 05:40:41,10,520
FLIGHT_NUM521,521,2019-10-15 06:40:41,2,521
FLIGHT_NUM522,522,2019-10-15 07:40:41,0,522
FLIGHT_NUM523,523,2019-10-15 08:40:41,0,523
FLIGHT_NUM524,524,2019-10-15 09:40:41,2,524
FLIGHT_NUM525,525,2019-10-15 10:40:41,2,525
FLIGHT_NUM526,526,2019-10-15 11:40:41,0,526
FLIGHT_NUM527,527,2019-10-15 12:40:41,4,527
FLIGHT_NUM528,528,2019-10-15 13:40:41,3,528
FLIGHT_NUM529,529,2019-10-15 14:40:41,3,529
FLIGHT_NUM530,530,2019-10-15 15:40:41,4,530
FLIGHT_NUM531,531,2019-10-15 16:40:41,2,531
FLIGHT_NUM532,532,2019-10-15 17:40:41,3,532
FLIGHT_NUM533,533,2019-10-15 18:40:41,10,533
FLIGHT_NUM534,534,2019-10-15 19:40:41,6,534
FLIGHT_NUM535,535,2019-10-15 20:40:41,2,535
FLIGHT_NUM536,536,2019-10-15 21:40:41,6,536
FLIGHT_NUM537,537,2019-10-15 22:40:41,8,537
FLIGHT_NUM538,538,2019-10-15 23:40:41,0,538
FLIGHT_NUM539,539,2019-10-16 00:40:41,7,539
FLIGHT_NUM540,540,2019-10-16 01:40:41,2,540
FLIGHT_NUM541,541,2019-10-16 02:40:41,4,541
FLIGHT_NUM542,542,2019-10-16 03:40:41,1,542
FLIGHT_NUM543,543,2019-10-16 04:40:41,3,543
FLIGHT_NUM544,544,2019-10-16 05:40:41,1,544
FLIGHT_NUM545,545,2019-10-16 06:40:41,9,545
FLIGHT_NUM546,546,2019-10-16 07:40:41,0,546
FLIGHT_NUM547,547,2019-10-16 08:40:41,7,547
FLIGHT_NUM548,548,2019-10-16 09:40:41,6,548
FLIGHT_NUM549,549,2019-10-16 10:40:41,3,549
FLIGHT_NUM550,550,2019-10-16 11:40:41,9,550
FLIGHT_NUM551,551,2019-10-16 12:40:41,6,551
FLIGHT_NUM552,552,2019-10-16 13:40:41,0,552
FLIGHT_NUM553,553,2019-10-16 14:40:41,6,553
FLIGHT_NUM554,554,2019-10-16 15:40:41,0,554
FLIGHT_NUM555,555,2019-10-16 16:40:41,0,555
FLIGHT_NUM556,556,2019-10-16 17:40:41,4,556
FLIGHT_NUM557,557,2019-10-16 18:40:41,8,557
FLIGHT_NUM558,558,2019-10-16 19:40:41,10,558
FLIGHT_NUM559,559,2019-10-16 20:40:41,8,559
FLIGHT_NUM560,560,2019-10-16 21:40:41,5,560
FLIGHT_NUM561,561,2019-10-16 22:40:41,6,561
FLIGHT_NUM562,562,2019-10-16 23:40:41,2,562
FLIGHT_NUM563,563,2019-10-17 00:40:41,0,563
FLIGHT_NUM564,564,2019-10-17 01:40:41,9,564
FLIGHT_NUM565,565,2019-10-17 02:40:41,8,565
FLIGHT_NUM566,566,2019-10-17 03:40:41,3,566
FLIGHT_NUM567,567,2019-10-17 04:40:41,8,567
FLIGHT_NUM568,568,2019-10-17 05:40:41,4,568
FLIGHT_NUM569,569,2019-10-17 06:40:41,7,569
FLIGHT_NUM570,570,2019-10-17 07:40:41,8,570
FLIGHT_NUM571,571,2019-10-17 08:40:41,9,571
FLIGHT_NUM572,572,2019-10-17 09:40:41,7,572
FLIGHT_NUM573,573,2019-10-17 10:40:41,9,573
FLIGHT_NUM574,574,2019-10-17 11:40:41,4,574
FLIGHT_NUM575,575,2019-10-17 12:40:41,0,575
FLIGHT_NUM576,576,2019-10-17 13:40:41,0,576
FLIGHT_NUM577,577,2019-10-17 14:40:41,2,577
FLIGHT_NUM578,578,2019-10-17 15:40:41,5,578
FLIGHT_NUM579,579,2019-10-17 16:40:41,8,579
FLIGHT_NUM580,580,2019-10-17 17:40:41,7,580
FLIGHT_NUM581,581,2019-10-17 18:40:41,6,581
FLIGHT_NUM582,582,2019-10-17 19:40:41,9,582
FLIGHT_NUM583,583,2019-10-17 20:40:41,0,583
FLIGHT_NUM584,584,2019-10-17 21:40:41,4,584
FLIGHT_NUM585,585,2019-10-17 22:40:41,4,585
FLIGHT_NUM586,586,2019-10-17 23:40:41,6,586
FLIGHT_NUM587,587,2019-10-18 00:40:41,9,587
FLIGHT_NUM588,588,2019-10-18 01:40:41,6,588
FLIGHT_NUM589,589,2019-10-18 02:40:41,1,589
FLIGHT_NUM590,590,2019-10-18 03:40:41,1,590
FLIGHT_NUM591,591,2019-10-18 04:40:41,10,591
FLIGHT_NUM592,592,2019-10-18 05:40:41,0,592
FLIGHT_NUM593,593,2019-10-18 06:40:41,7,593
FLIGHT_NUM594,594,2019-10-18 07:40:41,2,594
FLIGHT_NUM985,985,2019-11-03 14:40:41,6,985
FLIGHT_NUM986,986,2019-11-03 15:40:41,8,986
FLIGHT_NUM987,987,2019-11-03 16:40:41,1,987
FLIGHT_NUM988,988,2019-11-03 17:40:41,0,988
FLIGHT_NUM989,989,2019-11-03 18:40:41,8,989
FLIGHT_NUM990,990,2019-11-03 19:40:41,1,990
FLIGHT_NUM991,991,2019-11-03 20:40:41,1,991
FLIGHT_NUM992,992,2019-11-03 21:40:41,6,992
FLIGHT_NUM993,993,2019-11-03 22:40:41,1,993
FLIGHT_NUM994,994,2019-11-03 23:40:41,2,994
FLIGHT_NUM995,995,2019-11-04 00:40:41,8,995
FLIGHT_NUM996,996,2019-11-04 01:40:41,5,996
FLIGHT_NUM997,997,2019-11-04 02:40:41,9,997
FLIGHT_NUM998,998,2019-11-04 03:40:41,6,998
FLIGHT_NUM999,999,2019-11-04 04:40:41,2,999
